"id","concession","area","sitecode","stopname","roadname","towards","coordinates"
1,"NDMC","Central","A-01-P","Bangla Sahib","Ashoka Road","Shangrila Hotel","28.625487, 77.209360"
2,"NDMC","Central","A-02-P","Bangla Sahib","Ashoka Road","Gole Dakkhana","28.625171, 77.209634"
3,"NDMC","Central","A-03-P","Patel Chowk","Ashoka Road","Shangrila Hotel","28.624644, 77.210840"
4,"NDMC","Central","A-04-P","Patel Chowk","Ashoka Road","Gole dakkhana","28.622157, 77.214894"
5,"NDMC","Central","A-05-P","Patel Chowk","Ashoka Road","Shangrila Hotel","28.622753, 77.214158"
6,"NDMC","Central","A-06-P","Gurudwara Bangla Sahib","Ashoka Road","Gole dakkhana","28.628274, 77.209759"
7,"NDMC","Central","A-07-P","Gurudwara Bangla Sahib","Baba Kharak Singh Marg","Connaught Place","28.628331, 77.209535"
8,"NDMC","Central","A-08-P","R M L Hospital","Baba Kharak Singh Marg","Mother Teresa Crescent","28.624724, 77.201808"
9,"NDMC","Central","A-08 A-P","Marina Hotel","Chelmsford Road","Railway Station","28.636580, 77.218366"
10,"NDMC","Central","A-09-P","Marina Hotel","Chelmsford Road","Connaught Place","28.636997, 77.218455"
11,"NDMC","Central","A-10-P","NDPO","Baba Kharak Singh Marg","Mother Teresa Crescent","28.626388, 77.205460"
12,"NDMC","Central","A-11-P","Gole Market","Bhai Vir Singh Marg","Gole Dakkhana","28.632174, 77.205484"
13,"NDMC","Central","A-12-P","Gole Market","Bhai Vir Singh Marg","Gole Market","28.632139, 77.205307"
14,"NDMC","Central","A-13-P","St Columbus school","Bhai Vir Singh Marg","Gole dakkhana","28.628963, 77.205324"
15,"NDMC","Central","A-14-P","Krishi Bhawan","Dr R P Road","Rail Bhawan","28.616868, 77.213796"
16,"NDMC","Central","A-15-P","Krishi Bhawan","Dr R P Road","India Gate circle","28.616959, 77.214006"
17,"NDMC","Central","A-16-P","Firoz Shah Road","Firoz Shah Road","Janpath Road","28.620919, 77.221298"
18,"NDMC","Central","A-17-P","Firoz Shah Road","Firoz Shah Road","Mandi House","28.620783, 77.221533"
19,"NDMC","Central","A-18-P","K G X ing","Firoz Shah Road","Mandi House","28.623359, 77.226508"
20,"NDMC","Central","A-19-P","Mandi House","Firoz Shah Road","Janpath Road","28.625105, 77.230658"
21,"NDMC","Central","A-20-P","YMCA","Jai Singh Road","Palika Kendra","28.626208, 77.212387"
22,"NDMC","Central","A-21-P","Palika Kendra","Jai Singh Road","Ashoka Road","28.626549, 77.213232"
23,"NDMC","Central","A-22P","Eastern Court","Janpath","Janpath","28.622259, 77.219100"
24,"NDMC","Central","A-23P","Western Court","Janpath","Janpath","28.621751, 77.218925"
25,"NDMC","Central","A-24-P","Baroda House","K G Marg","Connaught Place","28.617170, 77.228567"
26,"NDMC","Central","A-25-P","Baroda House","K G Marg","India Gate circle","28.617546, 77.228536"
27,"NDMC","Central","A-26-P","Bhartiya Vidya Bhawan","K G Marg","India Gate","28.621924, 77.226034"
28,"NDMC","Central","A-27-P","Max Mueller Bhawan","K G Marg","India Gate circle","28.624580, 77.224484"
29,"NDMC","Central","A-28-P","Scindia House","K G Marg","India Gate circle","28.628483, 77.222263"
30,"NDMC","Central","A-29-P","Scindia House","K G Marg","Connaught Place","28.628650, 77.221974"
31,"NDMC","Central","A-30-P","Scindia House","K G Marg","Connaught Place","28.629411, 77.221529"
32,"NDMC","Central","A-31-P","Balmiki Mandir","Mandir Marg","Talkatora Stadium","28.640004, 77.204553"
33,"NDMC","Central","A-32-P","Laxmi Narayan Mandir","Mandir Marg","Panchkuian Road","28.633534, 77.199958"
34,"NDMC","Central","A-33-P","Laxmi Narayan Mandir","Mandir Marg","Talkatora Stadium","28.632548, 77.199381"
35,"NDMC","Central","A-34-P","P S Mandir Marg","Mandir Marg","Panchkuian Road","28.638459, 77.203237"
36,"NDMC","Central","A-35-P","P S Mandir Marg","Mandir Marg","Talkatora Stadium","28.638185, 77.203269"
37,"NDMC","Central","A-36-P","North Avenue","North Avenue","R M L Hospital","28.620991, 77.199870"
38,"NDMC","Central","A-37-P","North Avenue","North Avenue","Rashtrapati Bhawan","28.621379, 77.199950"
39,"NDMC","Central","A-38-P","Kendriya Terminal","Pandit Pant Marg","Gole dakkhana","28.621570, 77.206285"
40,"NDMC","Central","A-39-P","Kendriya Terminal","Pandit Pant Marg","Gole dakkhana","28.619425, 77.206146"
41,"NDMC","Central","A-40-P","Kendriya Terminal","Pandit Pant Marg","Rashtrapati Bhawan","28.623625, 77.206437"
42,"NDMC","Central","A-41-P","NDPO","Pandit Pant Marg","Rashtrapati Bhawan","28.625034, 77.206570"
43,"NDMC","Central","A-42-P","NDPO","Pandit Pant Marg","Gole dakkhana","28.625519, 77.206461"
44,"NDMC","Central","A-43-P","R M L Hospital","Park Street","North Avenue","28.625318, 77.198163"
45,"NDMC","Central","A-44-P","R M L Hospital","Park Street","Shankar Road","28.625285, 77.197899"
46,"NDMC","Central","A-45-P","Talkatora Stadium","Park Street","Shankar Road","28.626100, 77.196462"
47,"NDMC","Central","A-46-P","Talkatora Stadium","Park Street","North Avenue","28.626383, 77.196390"
48,"NDMC","Central","A-47-P","Gole Market","Peshwa Road","Connaught Place","28.635248, 77.203016"
49,"NDMC","Central","A-48-P","Gole Market","Peshwa Road","Mandir Marg","28.634886, 77.203429"
50,"NDMC","Central","A-49-P","Akaswani Bhawan","Rafi Ahmed Kidwai Marg","Udyog Bhawan","28.620827, 77.212549"
51,"NDMC","Central","A-50-P","Gole Market","R K Ashram Marg","Punchkuyan Road","28.635134, 77.205498"
52,"NDMC","Central","A-51-P","Gole Market","R K Ashram Marg","Punchkuyan Road","28.637594, 77.207195"
53,"NDMC","Central","A-52-P","Shaheed Bhagat Singh Marg","Shaheed Bhagat Singh Marg","Gole Market","28.633447, 77.209338"
54,"NDMC","Central","A-53-P","Shaheed Bhagat Singh Marg","Shaheed Bhagat Singh Marg","Gole Market","28.633478, 77.208797"
55,"NDMC","Central","A-54-P","Shivaji Stadium","Shaheed Bhagat Singh Marg","Gole Market","28.633083, 77.215327"
56,"NDMC","Central","A-55-P","Shaheed Bhagat Singh Marg","Shaheed Bhagat Singh Marg","Gole Market","28.633211, 77.213173"
57,"NDMC","Central","A-56-P","Patiala House","Tilak Marg","India Gate circle","28.616739, 77.234100"
58,"NDMC","Central","A-57-P","Patiala House (Scroller)","Tilak Marg","ITO","28.616448, 77.233708"
59,"NDMC","Central","A-58-P","Tilak Bridge","Tilak Marg","India Gate circle","28.624172, 77.239580"
60,"NDMC","Central","A-59-P","Tilak Bridge","Tilak Marg","ITO","28.623951, 77.239259"
61,"NDMC","Central","B-01-P","M Block","Africa Avenue","Mahatma Gandhi Marg","28.578548, 77.189889"
62,"NDMC","Central","B-02-P","M Block","Africa Avenue","Leela Hotel","28.578554, 77.189746"
63,"NDMC","Central","B-03-P","S N Depot","Africa Avenue","Leela Hotel","28.573935, 77.189827"
64,"NDMC","Central","B-04-P","S N Depot","Africa Avenue","Leela Hotel","28.574569, 77.189860"
65,"NDMC","Central","B-05-P","S N Depot","Africa Avenue","Mahatma Gandhi Marg (Ring","28.573834, 77.189979"
66,"NDMC","Central","B-06-P","Yusuf Sarai","Aurobindo Marg","IIT Gate","28.562783, 77.207592"
67,"NDMC","Central","B-07-P","Yusuf Sarai","Aurobindo Marg","S J Madarsa","28.562153, 77.207336"
68,"NDMC","Central","B-09-P","INA Colony","Aurobindo Marg","Mahatma Gandhi Marg (Ring","28.576696, 77.210517"
69,"NDMC","Central","B-16 A-P","Kidwai Nagar","Aurobindo Marg","S J Madarsa","28.573746, 77.209324"
70,"NDMC","Central","B-16 B-P","S J Airport","Aurobindo Marg","S J Madarsa","28.585329, 77.212363"
71,"NDMC","Central","B-17A-P","S J Airport","Aurobindo Marg","Mahatma Gandhi Marg (Ring","28.584280, 77.212546"
72,"NDMC","Central","B-17B-P","S J Airport","Aurobindo Marg","Mahatma Gandhi Marg (Ring","28.583715, 77.212547"
73,"NDMC","Central","B-18-P","S J Madarsa","Aurobindo Marg","S J Madarsa","28.587571, 77.212638"
74,"NDMC","Central","B-19-P","S J Madarsa","Aurobindo Marg","Mahatma Gandhi Marg (Ring","28.588498, 77.212872"
75,"NDMC","Central","B-20-P","P S Sarojini Nagar","B Avenue","Mahatma Gandhi Marg (Ring","28.575601, 77.199024"
76,"NDMC","Central","B-21-P","P S Sarojini Nagar","B Avenue","Brig Hosiyar Singh Marg","28.574978, 77.199016"
77,"NDMC","Central","B-22-P","S N Market","B Avenue","Mahatma Gandhi Marg (Ring","28.578094, 77.198909"
78,"NDMC","Central","B-23-P","S N Market","B Avenue","Brig Hosiyar Singh Marg","28.577435, 77.198906"
79,"NDMC","Central","B-24-P","Pillanji Village","Brig Hoshiyar Singh Marg","Leela Hotel","28.579726, 77.199678"
80,"NDMC","Central","B-25-P","Pillanji Village","Brig Hoshiyar Singh Marg","Aurobindo Marg","28.579796, 77.199209"
81,"NDMC","Central","B-26-P","I Block","Brig Hoshiyar Singh Marg","Leela Hotel","28.579512, 77.193202"
82,"NDMC","Central","B-27-P","I Block","Brig Hoshiyar Singh Marg","Aurobindo Marg","28.579563, 77.191970"
83,"NDMC","Central","B-28-P","INA Market","Brig Hoshiyar Singh Marg","Aurobindo Marg","28.579400, 77.208395"
84,"NDMC","Central","B-29-P","INA Market","Brig Hoshiyar Singh Marg","Leela Hotel","28.579248, 77.209159"
85,"NDMC","Central","B-30-P","Laxmi Bai Nagar","Brig Hoshiyar Singh Marg","Leela Hotel","28.579638, 77.204918"
86,"NDMC","Central","B-31-P","Laxmi Bai Nagar","Brig Hoshiyar Singh Marg","Aurobindo Marg","28.579786, 77.204362"
87,"NDMC","Central","B-32-P","S N Market","Brig Hoshiyar Singh Marg","Leela Hotel","28.579589, 77.197371"
88,"NDMC","Central","B-33-P","S N Market","Brig Hoshiyar Singh Marg","Aurobindo Marg","28.579724, 77.196755"
89,"NDMC","Central","B-34-P","Golf Club","Dr Zakir Hussain Marg","Nizamuddin","28.600907, 77.238381"
90,"NDMC","Central","B-35-P","Golf Club","Dr Zakir Hussain Marg","India Gate circle","28.601203, 77.237978"
91,"NDMC","Central","B-36-P","Jaipur House","Dr Zakir Hussain Marg","Nizamuddin","28.609113, 77.233289"
92,"NDMC","Central","B-37-P","Jaipur House","Dr Zakir Hussain Marg","India Gate circle","28.608839, 77.233354"
93,"NDMC","Central","B-39-P","Sujan Singh Park","Subramanium Bharti Marg","Lodhi Garden","28.601016, 77.229473"
94,"NDMC","Central","B-40-P","National Museum","Janpath","Rajesh pilot Marg","28.611593, 77.218389"
95,"NDMC","Central","B-41-P","National Museum","Janpath","Connaught Place","28.611271, 77.218283"
96,"NDMC","Central","B-42-P","Lodhi Colony","Jor Bagh Road","P S Lodhi Colony","28.585950, 77.220773"
97,"NDMC","Central","B-43-P","Lodhi Colony","Jor Bagh Road","Aurobindo Marg","28.585992, 77.221476"
98,"NDMC","Central","B-44-P","G Block","K Kamraj Marg","Janpath Road","28.609583, 77.209721"
99,"NDMC","Central","B-45-P","G Block","K Kamraj Marg","South Avenue","28.609590, 77.209791"
100,"NDMC","Central","B-46-P","Lodhi Colony Market","Lodhi Colony Market","Lodhi Colony","28.584537, 77.223477"
101,"NDMC","Central","B-47-P","Lodhi Colony Market","Lodhi Colony Market","JLN Stadium","28.584555, 77.223488"
102,"NDMC","Central","B-48-P","Lodhi Garden","Lodhi Road","Nizamuddin Railway Colony","28.590277, 77.220258"
103,"NDMC","Central","B-49-P","Mausam Bhawan","Lodhi Road","S J Madarsa","28.590218, 77.221024"
104,"NDMC","Central","B-50-P","Bharti Nagar","Maharishi Raman Marg","Khan Mkt","28.597541, 77.228478"
105,"NDMC","Central","B-51-P","Bharti Nagar","Maharishi Raman Marg","Lodhi Road","28.597291, 77.228661"
106,"NDMC","Central","B-52-P","Sujan Singh Park","Maharishi Raman Marg","Lodhi Colony","28.599269, 77.228597"
107,"NDMC","Central","B-53-P","Sujan Singh Park","Maharishi Raman Marg","Khan Mkt","28.599123, 77.228375"
108,"NDMC","Central","B-54-P","Dayal Singh College","Maharishi Raman Marg","Khan Mkt","28.592386, 77.228726"
109,"NDMC","Central","B-55-P","Dayal Singh College","Maharishi Raman Marg","Lodhi Road","28.592422, 77.228916"
110,"NDMC","Central","B-56-P","Nirman Bhawan","Maulana Azad Marg","K Kamraj Marg","28.610208, 77.217447"
111,"NDMC","Central","B-57-P","Nirman Bhawan","Maulana Azad Marg","India Gate circle","28.610295, 77.217476"
112,"NDMC","Central","B-58-P","Lodhi Road X ing","Max Mueller Marg","Lodhi Colony","28.591431, 77.223641"
113,"NDMC","Central","B-59-P","Lodhi Road X ing","Max Mueller Marg","Khan Mkt","28.591656, 77.223548"
114,"NDMC","Central","B-60-P","Max Mueller Marg","Max Mueller Marg","Khan Mkt","28.595855, 77.223300"
115,"NDMC","Central","B-61-P","Max Mueller Marg","Max Mueller Marg","Lodhi Colony","28.595460, 77.223451"
116,"NDMC","Central","B-62-P","Prithvi Raj Road","Prithvi Raj Road","S J Madarsa","28.596592, 77.217653"
117,"NDMC","Central","B-64-P","Udyog Bhawan","Rafi Ahmed Kidwai Marg","Akashwani Bhawan","28.612676, 77.211898"
118,"NDMC","Central","B-66-P","Udyog Bhawan","Rafi Ahmed Kidwai Marg","G Block","28.612664, 77.212262"
119,"NDMC","Central","B-68-P","Sardar Patel Marg","Sardar Patel Marg","Mother Teresa Crescent","28.597496, 77.171800"
120,"NDMC","Central","B-69-P","Bapu Dham","Sardar Patel Marg","Mother Teresa Crescent","28.599300, 77.175249"
121,"NDMC","Central","B-70-P","Bapu Dham","Sardar Patel Marg","Dhaula Kuan","28.599178, 77.175684"
122,"NDMC","Central","B-71-P","Railway Colony","Sardar Patel Marg","Dhaula Kuan","28.600771, 77.178507"
123,"NDMC","Central","B-72-P","Railway Colony","Sardar Patel Marg","Mother Teresa Crescent","28.600638, 77.177983"
124,"NDMC","Central","B-73-P","Bhartiya Sadhu Samaj","Sardar Patel Marg","Dhaula Kuan","28.603770, 77.184257"
125,"NDMC","Central","B-74-P","Bhartiya Sadhu Samaj","Sardar Patel Marg","Mother Teresa Crescent","28.603818, 77.184057"
126,"NDMC","Central","B-75-P","Akbar Bhawan","Satya Marg","Shanti Path","28.586195, 77.191025"
127,"NDMC","Central","B-76-P","Akbar Bhawan","Satya Marg","Vinay Marg","28.586079, 77.191094"
128,"NDMC","Central","B-77-P","UPSC","Shahjahan road","Prithvi raj Road","28.608384, 77.228026"
129,"NDMC","Central","B-78-P","UPSC","Shahjahan road","India Gate circle","28.607061, 77.226626"
130,"NDMC","Central","B-79-P","Moti Bagh I","Shanti Path","Chankyapuri","28.579788, 77.178329"
131,"NDMC","Central","B-80-P","Moti Bagh I","Shanti Path","Chankyapuri","28.580146, 77.179029"
132,"NDMC","Central","B-81-P","Moti Bagh I","Shanti Path","Mahatma Gandhi Marg (Ring","28.580365, 77.180161"
133,"NDMC","Central","B-82-P","Rail Museum","Shanti Path","Mahatma Gandhi Marg (Ring","28.587435, 77.185638"
134,"NDMC","Central","B-83-P","Rail Museum","Shanti Path","Chankyapuri","28.586962, 77.185215"
135,"NDMC","Central","B-84-P","Teen Murti","South Avenue","Rashtrapati Bhawan","28.606247, 77.198908"
136,"NDMC","Central","B-85-P","Teen Murti","South Avenue","Teen Murti","28.605637, 77.199041"
137,"NDMC","Central","B-86-P","Rabindra nagar","Subramanium Bharti Marg","Khan Mkt","28.598517, 77.225141"
138,"NDMC","Central","B-88-P","P S Chanakyapuri","Teen Murti Marg","Shanti Path","28.603720, 77.196860"
139,"NDMC","Central","B-89-P","P S Chanakyapuri","Teen Murti Marg","South Avenue","28.603756, 77.196471"
140,"NDMC","Central","B-91-P","P S Tuglak Road","Tuglak Road","Mahatma Gandhi Marg (Ring","28.599934, 77.211334"
141,"NDMC","Central","B-92-P","Tuglak Crescent","Tuglak Road","P S Tuglak Road","28.594506, 77.211936"
142,"NDMC","Central","B-93-P","Tuglak Crescent","Tuglak Road","Mahatma Gandhi Marg (Ring","28.594864, 77.212081"
143,"NDMC","Central","B-94-P","Ashoka Hotel","Vinay Marg","Ashok Hotel","28.594210, 77.195958"
144,"NDMC","Central","B-95-P","Ashoka Hotel","Vinay Marg","Brig Hosiyar Singh Marg","28.594060, 77.196177"
145,"NDMC","Central","B-96-P","Palika Club","Vinay Marg","Ashok Hotel","28.586225, 77.193434"
146,"NDMC","Central","B-97-P","Vinay Marg","Vinay Marg","Mahatma Gandhi Marg (Ring","28.586639, 77.193754"
147,"NDMC","Central","C-08-P","Indian Oil Bhawan (no FSP)","Janpath","Connaught Place","28.628544, 77.219340"
148,"NDMC","Central","C-09-P","Windsor Place","Janpath","Connaught Place","28.618109, 77.218692"
149,"NDMC","Central","C-10-P","Windsor Place","Janpath","Rajesh pilot Marg","28.618176, 77.218842"
150,"NDMC","Central","C-11-P","National Archives","Janpath","Connaught Place","28.615038, 77.218480"
151,"NDMC","Central","C-12-P","National Archives","Janpath","Rajesh pilot Marg","28.615827, 77.218700"
152,"NDMC","Central","C-17-P","Sena Bhawan","K Kamraj Marg","Janpath Road","28.608189, 77.206567"
153,"NDMC","Central","C-18-P","Sena Bhawan","K Kamraj Marg","South Avenue","28.608141, 77.206615"
154,"NDMC","Central","C-21-P","Palika Kendra","Sansad Marg","Connaught Place","28.628826, 77.216598"
155,"NDMC","Central","C-22-P","Palika Kendra","Sansad Marg","Parliament House","28.628502, 77.216739"
156,"NDMC","Central","C-25-P","Rail Bhawan","Rafi Ahmed Kidwai Marg","Akashwani Bhawan","28.614913, 77.211980"
157,"NDMC","Central","C-26-P","National Stadium","India Gate circle","india Gate circle","28.613324, 77.234690"
158,"NDMC","Central","F-03-P","Mandi House","Bhagwan Das Road","Mandi House","28.624680, 77.232904"
159,"NDMC","Central","F-04-P","Mandi House","Bhagwan Das Road","Tilak Marg","28.624964, 77.232864"
160,"NDMC","Central","F-01-P","Agakhan Hall","Bhagwan Das Road","Mandi House","28.622368, 77.235260"
161,"NDMC","Central","F-02-P","Agakhan Hall","Bhagwan Das Road","Tilak Marg","28.622462, 77.235381"
162,"NDMC","Central","F-10-P","R M L Hospital","Baba Kharak Singh Marg","Gole dakkhana","28.624568, 77.201040"
163,"NDMC","Central","F-11-P","Mandi House","Sikandara Road","ITO","28.625736, 77.233981"
164,"NDMC","Central","F-13-P","Humayun Road","Humayun Road","Khan Mkt","28.603379, 77.227054"
165,"NDMC","Central","F-17-P","AB Block","B Avenue","Mahatma Gandhi Marg (Ring","28.571574, 77.199198"
166,"NDMC","Central","F-18-P","AB Block","B Avenue","Brig Hosiyar Singh Marg","28.571014, 77.199178"
167,"NDMC","Central","E-09-P","Gurudwara Rakab Ganj","Talkatora Road","Mother Teresa Crescent","28.621150, 77.205032"
168,"NDMC","Central","E-10-P","Gurudwara Rakab Ganj","Talkatora Road","Gurudwara Rakab Ganj","28.621221, 77.205209"
169,"NDMC","Central","F-06-P","Baroda House","India Gate circle","India Gate circle","28.616035, 77.230515"
170,"NDMC","Central","F-07-P","Baroda House","K G Marg","Connaught Place","28.617118, 77.228591"
171,"NDMC","Central","F-08-P","Baroda House","K G Marg","India Gate circle","28.617541, 77.228569"
172,"NDMC","Central","F-09-P","Bhartiya Vidya Bhawan","K G Marg","Connaught Place","28.621910, 77.225853"
173,"NDMC","Central","F-14-P","Akaswani Bhawan","Sansad Marg","Connaught Place","28.620689, 77.210624"
174,"NDMC","Central","F-19-P","Palika Kutumb","Sardar Patel Marg","Dhaula Kuan","28.607581, 77.188949"
175,"NDMC","Central","D-06-P","J & K House","Prithvi Raj Road","S J Madarsa","28.601451, 77.222323"
176,"NDMC","Central","D-07-P","J & K House","Prithvi Raj Road","India Gate circle","28.601687, 77.222361"
177,"NDMC","Central","D-08-P","Statesman House","Bara Khamba Road","Mandi House","28.630732, 77.223543"
178,"NDMC","Central","D-09-P","Statesman House","Bara Khamba Road","Connaught Place","28.630257, 77.223715"
179,"NDMC","Central","D-10-P","Metro Station Bara Khamba Road","Bara Khamba Road","Mandi House","28.629647, 77.225440"
180,"NDMC","Central","D-11-P","Metro Station Bara Khamba Road","Bara Khamba Road","Connaught Place","28.629329, 77.225493"
181,"NDMC","Central","D-18-P","Claridges Hotel","Janpath","Rajesh pilot Marg","28.602592, 77.217866"
182,"NDMC","Central","D-19-P","Claridges Hotel","Janpath","Connaught Place","28.601876, 77.217632"
183,"NDMC","Central","G-01-P","Tolstoy House","Tolstoy Marg","K G Marg","28.626437, 77.220073"
184,"NDMC","Central","G-02-P","Super Bazar","Connaught Circus","Barakhamba Road","28.633003, 77.222985"
185,"NDMC","Central","G-10-P","Talkatora Stadium","Mother Teresa Crescent","R M L Hospital","28.621755, 77.194740"
186,"NDMC","Central","G-11-P","Talkatora Stadium","Mother Teresa Crescent","Teen Murti Marg","28.621574, 77.194697"
187,"NDMC","Central","H-01-P","South Avenue","South Avenue","Rashtrapati Bhawan","28.609852, 77.199114"
188,"NDMC","Central","H-02-P","Tilak Bridge","Sikandara Road","ITO","28.623939, 77.239208"
189,"NDMC","Central","H-03-P","Palika Kutumb","Sardar Patel Marg","Mother Teresa Crescent","28.607563, 77.188743"
190,"NDMC","Central","H-05-P","East Kidwai Nagar","Aurobindo Marg","Mahatma Gandhi Marg (Ring","28.573957, 77.209324"
191,"NDMC","Central","G-03-P","AIIMS","Aurobindo Marg","S J Madarsa","28.566694, 77.207560"
192,"NDMC","Central","G-04-P","AIIMS","Rafi Ahmed Kidwai Marg","Udyog Bhawan","28.615708, 77.212237"
193,"NDMC","Central","G-05-P","AIIMS","Aurobindo Marg","IIT Gate","28.566638, 77.207890"
194,"NDMC","Central","G-06-P","AIIMS","Aurobindo Marg","IIT Gate","28.567107, 77.208010"
195,"NDMC","Central","G-07-P","Krishi Bhawan","Aurobindo Marg","S J Madarsa","28.567314, 77.207734"
196,"NDMC","Central","I-01-P","Prithvi Raj Crossing","Rajesh Pilot Marg","Lodhi Garden","28.597433, 77.219960"
197,"NDMC","Central","F-12-P","Mandi House","Sikandara Road","CP","28.625490, 77.234222"
198,"DIMTS","East","DTE-001-P","Delhi Sachivalaya","Vikas Marg","ITO","28.627854, 77.252651"
199,"DIMTS","East","DTE-002-P","Delhi Sachivalaya","Vikas Marg","Ram Vihar","28.628301, 77.251297"
200,"DIMTS","East","DTE-003-P","Laxmi Nagar","Vikas Marg","ITO","28.631363, 77.278979"
201,"DIMTS","East","DTE-004-P","Shakar Pur","Vikas Marg","ITO","28.633513, 77.282151"
202,"DIMTS","East","DTE-005-P","Shakar Pur Xing","Vikas Marg","ITO","28.635669, 77.285438"
203,"DIMTS","East","DTE-006-P","Nriman Vihar","Vikas Marg","ITO","28.636821, 77.287573"
204,"DIMTS","East","DTE-007-P","Nriman Vihar","Vikas Marg","Ram Vihar","28.637017, 77.287056"
205,"DIMTS","East","DTE-008-P","Swasthya Vihar","Vikas Marg","Ram Vihar","28.639432, 77.292189"
206,"DIMTS","East","DTE-009-P","New Rajdhani Enclave","Vikas Marg","ITO","28.642126, 77.296238"
207,"DIMTS","East","DTE-010-P","New Rajdhani Enclave","Vikas Marg","Ram Vihar","28.642498, 77.296272"
208,"DIMTS","East","DTE-011-P","Karkari Xing","Vikas Marg","ITO","28.643767, 77.298382"
209,"DIMTS","East","DTE-012-P","Karkari Xing","Vikas Marg","Ram Vihar","28.643191, 77.297181"
210,"DIMTS","East","DTE-013-P","Maharaj Pur Check Post","Chaudhary Charan Singh Marg","Gazi Pur","28.643296, 77.316633"
211,"DIMTS","East","DTE-014-P","Maharaj Pur Check Post","Chaudhary Charan Singh Marg","Gazi Pur","28.643109, 77.316567"
212,"DIMTS","East","DTE-015-P","Gazi Pur Depot","Chaudhary Charan Singh Marg","Gazi Pur","28.641790, 77.316100"
213,"DIMTS","East","DTE-016-P","Gazi Pur Depot","Chaudhary Charan Singh Marg","Border","28.641516, 77.315635"
214,"DIMTS","East","DTE-017-P","Gazi Pur Depot","Chaudhary Charan Singh Marg","Border","28.641915, 77.315771"
215,"DIMTS","East","DTE-018-P","Telco Gazi Pur","Chaudhary Charan Singh Marg","Border","28.640707, 77.315241"
216,"DIMTS","East","DTE-019-P","Gazi Pur Village","Chaudhary Charan Singh Marg","Border","28.632121, 77.315680"
217,"DIMTS","East","DTE-020-P","Gazi Pur Xing.","Chaudhary Charan Singh Marg","Border","28.630140, 77.316315"
218,"DIMTS","East","DTE-021-P","SFS Quarter Gazi Pur","Chaudhary Charan Singh Marg","Gazi Pur","28.631011, 77.316416"
219,"DIMTS","East","DTE-022-P","Mayur Place","Noida Link Road","Noida","28.591884, 77.295364"
220,"DIMTS","East","DTE-023-P","Mayur Place","Noida Link Road","Nizamuddin","28.590916, 77.295346"
221,"DIMTS","East","DTE-024-P","Samachar Appartment","Noida Link Road","Nizamuddin","28.596956, 77.291968"
222,"DIMTS","East","DTE-025-P","Samachar Appartment","Noida Link Road","Noida","28.597941, 77.292017"
223,"DIMTS","East","DTE-026-P","Mayur Vihar I Xing","Noida Link Road","Noida","28.604015, 77.289010"
224,"DIMTS","East","DTE-027-P","Mayur Vihar I Xing","Noida Link Road","Nizamuddin","28.604344, 77.288221"
225,"DIMTS","East","DTE-028-P","Delhi Police Apartment","Noida Link Road","Noida","28.609521, 77.286020"
226,"DIMTS","East","DTE-029-P","Delhi Police Apartment","Noida Link Road","Nizamuddin","28.608220, 77.286289"
227,"DIMTS","East","DTE-030-P","Samaspur Jagir Village","Gurjar Samrat Mihir Bhoj Marg","Akshar Dham","28.615712, 77.285588"
228,"DIMTS","East","DTE-031-P","Samaspur Jagir Village","Gurjar Samrat Mihir Bhoj Marg","Akshar Dham","28.615373, 77.285146"
229,"DIMTS","East","DTE-032-P","Samaspur Jagir Village","Gurjar Samrat Mihir Bhoj Marg","Gazipur","28.615355, 77.284528"
230,"DIMTS","East","DTE-033-P","Yamuna Bank Metro Station","Noida Link Road","Akshar Dham","28.625073, 77.275488"
465,"JTL","North","JTL-018","Rajghat","Mahatma Gandhi Marg","Ashram","28.641631, 77.247030"
466,"JTL","North","JTL-019","Vijay Ghat","Mahatma Gandhi Marg","ISBT","28.657652, 77.244853"
467,"JTL","North","JTL-020","Vijay Ghat","Mahatma Gandhi Marg","ITO","28.657779, 77.245181"
468,"JTL","North","JTL-021","Vijay Ghat","Mahatma Gandhi Marg","Ashram","28.657685, 77.245230"
469,"JTL","North","JTL-022","Shanti Van","Mahatma Gandhi Marg","Ashram","28.649792, 77.245680"
470,"JTL","North","JTL-023","G G Singh University","Mahatma Gandhi Marg","ISBT","28.664870, 77.234414"
471,"JTL","North","JTL-024","G.G Singh University","Mahatma Gandhi Marg","ISBT","28.665068, 77.234261"
472,"JTL","North","JTL-025","ISBT","Mahatma Gandhi Marg","Azadpur","28.668857, 77.232049"
473,"JTL","North","JTL-026","ISBT","Mahatma Gandhi Marg","Azadpur","28.669035, 77.231986"
474,"JTL","North","JTL-027","ISBT","Mahatma Gandhi Marg","ITO","28.669144, 77.232205"
475,"JTL","North","JTL-028","ISBT","Mahatma Gandhi Marg","ITO","28.669255, 77.232146"
476,"JTL","North","JTL-029","Yumuna Bazar","Mahatma Gandhi Marg","ITO","28.664923, 77.235469"
477,"JTL","Central","JTL-030","DR.Ambedkar Terminal","Jawaharlal Nehru Marg","Inside Terminal","28.639664, 77.243511"
478,"JTL","Central","JTL-031","DR.Ambedkar Terminal","Jawaharlal Nehru Marg","Inside Terminal","28.639640, 77.243721"
479,"JTL","Central","JTL-032","DR.Ambedkar Terminal","Jawaharlal Nehru Marg","Inside Terminal","28.639581, 77.244088"
480,"JTL","Central","JTL-033","DR.Ambedkar Terminal","Jawaharlal Nehru Marg","Inside Terminal","28.639579, 77.244115"
481,"JTL","Central","JTL-034","Ambedkar Stadium Terminal","Jawaharlal Nehru Marg","L.N.J.P.Hospital","28.639804, 77.243755"
482,"JTL","Central","JTL-035","Delhi Gate","Jawaharlal Nehru Marg","Kamla Market","28.640012, 77.237555"
483,"JTL","Central","JTL-036","L N J P Hospital","Jawaharlal Nehru Marg","Kamla Market","28.640092, 77.236112"
484,"JTL","Central","JTL-037","L N J P Hospital","Jawaharlal Nehru Marg","Kamla Market","28.640120, 77.235103"
485,"JTL","Central","JTL-038","Zakir Hussain College","Jawaharlal Nehru Marg","Rajghat","28.641180, 77.229996"
486,"JTL","Central","JTL-039","Zakir Hussain College","Jawaharlal Nehru Marg","Kamla Market","28.640973, 77.229908"
487,"JTL","Central","JTL-040","Shivaji Park","Minto Road","Connaught Place","28.638627, 77.224109"
488,"JTL","Central","JTL-041","Shivaji Park","Minto Road","Kamla Market","28.638734, 77.223945"
489,"JTL","Central","JTL-042","Minto Road","Minto Road","Terminal","28.639541, 77.223738"
490,"JTL","Central","JTL-043","Minto Road","Minto Road","Terminal","28.639574, 77.223620"
491,"JTL","Central","JTL-044","Minto Road","Bhavdbhuti Marg","Ajmeri gate","28.639016, 77.223322"
492,"JTL","North","JTL-045","J L Nehru Marg","Jawaharlal Nehru Marg","ISBT","28.642092, 77.228151"
493,"JTL","North","JTL-046","PS Kamla Market","Jawaharlal Nehru Marg","Ajmeri gate","28.642986, 77.226111"
494,"JTL","North","JTL-047","Kamla Market Bara Akhara","Jawaharlal Nehru Marg","Rajghat","28.643214, 77.226151"
495,"JTL","North","JTL-048","Kamla Market","Jawaharlal Nehru Marg","Connaught Place","28.644672, 77.223810"
496,"JTL","Central","JTL-049","Panchkuian Road","Panchkuian Road","Karol Bagh","28.640131, 77.206785"
497,"JTL","Central","JTL-050","Panchkuian Road","Panchkuian Road","Connaught Place","28.640249, 77.206985"
498,"JTL","Central","JTL-051","Panchkuian Road Banwari Lal Hospital","Panchkuian Road","Connaught Place","28.641741, 77.204498"
499,"JTL","Central","JTL-052","B.L.Hospital","Panchkuian Road","Karol Bagh","28.641672, 77.204157"
500,"JTL","Central","JTL-053","Meghdoot Bhawan","Panchkuian Road","Connaught Place","28.644093, 77.200633"
501,"JTL","Central","JTL-054","Meghdoot Bhawan","Panchkuian Road","Connaught Place","28.644008, 77.200847"
502,"JTL","Central","JTL-055","Karol Bagh","Vandemataram Marg","Shankar Road","28.643783, 77.189326"
503,"JTL","South","JTL-056","Bhogal","Mathura Road","ZOO","28.582025, 77.251580"
504,"JTL","South","JTL-057","Bhogal","Mathura Road","ZOO","28.582350, 77.251512"
505,"JTL","South","JTL-058","Bhogal RLY Road","Mathura Road","Ashram","28.583046, 77.251322"
506,"JTL","South","JTL-059","Nizamuddin Railway Station","Rahim Khan Marg","Ashram","28.586771, 77.252893"
507,"JTL","South","JTL-060","Dargah Hazrat Nizamuddin","Mathura Road","Ashram","28.591505, 77.245063"
508,"JTL","South","JTL-061","Dargah Hazrat Nizamuddin","Mathura Road","ZOO","28.591548, 77.244640"
509,"JTL","South","JTL-062","Dargah Hazrat Nizamuddin","Mathura Road","ZOO","28.591835, 77.244455"
510,"JTL","South","JTL-063","Dargah Hazrat Nizamuddin","Mathura Road","Ashram","28.591314, 77.245144"
511,"JTL","South","JTL-064","ISPAT Bhawan","Lodhi Road","Lodhi","28.592570, 77.236656"
512,"JTL","South","JTL-065","ISPAT Bhawan","Lodhi Road","Nizamuddin","28.592302, 77.236693"
513,"JTL","South","JTL-066","Lodhi Colony 18 Block","Max Mueller Marg","Khan Market","28.587450, 77.223987"
514,"JTL","South","JTL-067","Lodhi Colony 18 Block","Max Mueller Marg","Sewa Nagar","28.586759, 77.224288"
515,"JTL","South","JTL-068","Pragati Vihar","Bhisham Pitamah Marg","Khan Market","28.586759, 77.224288"
516,"JTL","South","JTL-069","Pragati Vihar","Bhisham Pitamah Marg","Defence Colony","28.587663, 77.229439"
517,"JTL","South","JTL-070","JLN Stadium","Bhisham Pitamah Marg","Defence Colony","28.584060, 77.230068"
518,"JTL","South","JTL-071","JLN Stadium","Bhisham Pitamah Marg","Khan Market","28.583921, 77.229901"
519,"JTL","South","JTL-072","JLN Stadium","Bhisham Pitamah Marg","Lodhi Road","28.590198, 77.233119"
520,"JTL","South","JTL-073","JLN Stadium","Bhisham Pitamah Marg","Defence Colony","28.583924, 77.230090"
521,"JTL","South","JTL-074","PT College Kotla","Bhisham Pitamah Marg","Ring road","28.570127, 77.226692"
522,"JTL","South","JTL-075","Central School","Bhisham Pitamah Marg","JLN Stadium","28.584971, 77.228024"
523,"JTL","South","JTL-076","Central School","Bhisham Pitamah Marg","Lodhi colony","28.584799, 77.228006"
524,"JTL","South","JTL-077","Defence Colony Homeopathy College","Bhisham Pitamah Marg","Ring Road","28.572017, 77.227738"
525,"JTL","Central","JTL-078","I P Power Station","Mahatma Gandhi Marg","S K Khan","28.624627, 77.247347"
526,"JTL","Central","JTL-079","I P Power station","Mahatma Gandhi Marg","ISBT","28.624541, 77.247137"
527,"JTL","Central","JTL-080","I P Depot","Mahatma Gandhi Marg","ISBT","28.620174, 77.248505"
528,"JTL","Central","JTL-081","I P Depot","Mahatma Gandhi Marg","S K Khan","28.619861, 77.248891"
529,"JTL","Central","JTL-082","Pragati Power station","Mahatma Gandhi Marg","ISBT","28.615195, 77.250059"
530,"JTL","Central","JTL-083","Pragati Power station","Mahatma Gandhi Marg","S K Khan","28.615341, 77.250362"
531,"JTL","Central","JTL-084","Pragati Maidan","Bhairon Marg","ISBT","28.612684, 77.245007"
532,"JTL","Central","JTL-085","Pragati Maidan","Bhairon Marg","ISBT","28.612686, 77.245259"
533,"JTL","Central","JTL-086","Pragati Maidan","Bhairon Marg","ISBT","28.612743, 77.244018"
534,"JTL","Central","JTL-087","Railway Road Bridge","Mahatma Gandhi Marg","ISBT","28.609921, 77.251683"
535,"JTL","Central","JTL-088","Railway Road Bridge","Mahatma Gandhi Marg","ISBT","28.610420, 77.251543"
536,"JTL","Central","JTL-089","Railway Road Bridge","Mahatma Gandhi Marg","Ashram","28.610797, 77.251854"
537,"JTL","Central","JTL-090","Railway Road Bridge","Mahatma Gandhi Marg","Ashram","28.610317, 77.251967"
538,"JTL","Central","JTL-091","Nizamuddin Road Bridge","Mahatma Gandhi Marg","ISBT","28.603676, 77.253728"
539,"JTL","Central","JTL-092","Nizamuddin Road Bridge","Mahatma Gandhi Marg","ISBT","28.604050, 77.253578"
540,"JTL","Central","JTL-093","Nizamuddin Road Bridge","Mahatma Gandhi Marg","Ashram","28.603473, 77.254195"
541,"JTL","Central","JTL-094","Nizamuddin Road Bridge","Mahatma Gandhi Marg","Ashram","28.603094, 77.254318"
542,"JTL","Central","JTL-095","Nizamuddin Bridge","Gurjar Samrat Mihir Bhoj Marg","Akshardham","28.599016, 77.257588"
543,"JTL","Central","JTL-096","PWD Office N H-24","Gurjar Samrat Mihir Bhoj Marg","Akshardham","28.603992, 77.269063"
544,"JTL","Central","JTL-097","I P Park","Mahatma Gandhi Marg","ISBT","28.599625, 77.254931"
545,"JTL","Central","JTL-098","I P Park","Mahatma Gandhi Marg","ISBT","28.599464, 77.254986"
546,"JTL","South","JTL-099","Sarai Kale Khan","Mahatma Gandhi Marg","ISBT","28.591138, 77.257800"
547,"JTL","South","JTL-100","Sarai Kale Khan","Mahatma Gandhi Marg","Ashram","28.589018, 77.258898"
548,"JTL","South","JTL-101","Sarai Kale Khan","Mahatma Gandhi Marg","Ashram","28.588900, 77.258948"
549,"JTL","South","JTL-102","Sarai Kale Khan","Mahatma Gandhi Marg","ISBT","28.590891, 77.257824"
550,"JTL","South","JTL-103","Sarai Kale Khan","Mahatma Gandhi Marg","ISBT","28.590515, 77.257929"
551,"JTL","South","JTL-104","Gurudwara Bala Sahib","Mahatma Gandhi Marg","BMT","28.581261, 77.266005"
552,"JTL","South","JTL-105","Gurudwara Bala Sahib","Mahatma Gandhi Marg","Ashram","28.581541, 77.266289"
553,"JTL","South","JTL-106","Maharani Bagh","Mahatma Gandhi Marg","Ashram","28.576513, 77.264795"
554,"JTL","South","JTL-107","Maharani Bagh","Mahatma Gandhi Marg","Ashram","28.576263, 77.264431"
555,"JTL","South","JTL-108","Maharani Bagh","Mahatma Gandhi Marg","Ashram","28.574949, 77.262365"
556,"JTL","South","JTL-109","Maharani Bagh","Mahatma Gandhi Marg","DND","28.576508, 77.264212"
557,"JTL","South","JTL-110","Maharani Bagh","Mahatma Gandhi Marg","DND","28.576653, 77.264440"
558,"JTL","South","JTL-111","Nehru Nagar","Mahatma Gandhi Marg","Ashram","28.569114, 77.253807"
559,"JTL","South","JTL-112","Nehru Nagar","Mahatma Gandhi Marg","Dhaula Kuan","28.568742, 77.254198"
560,"JTL","South","JTL-113","Sriniwas Puri","Mahatma Gandhi Marg","Dhaula Kuan","28.566789, 77.253147"
561,"JTL","South","JTL-114","PGDAV College","Mahatma Gandhi Marg","Ashram","28.567152, 77.252785"
562,"JTL","South","JTL-115","PGDAV College","Mahatma Gandhi Marg","Ashram","28.567581, 77.252992"
563,"JTL","South","JTL-116","Lajpat Nagar","Mahatma Gandhi Marg","Dhaula Kuan","28.565399, 77.249175"
564,"JTL","South","JTL-117","Lajpat Nagar","Mahatma Gandhi Marg","Dhaula Kuan","28.565328, 77.248666"
565,"JTL","South","JTL-118","Lajpat Nagar","Mahatma Gandhi Marg","Ashram","28.565783, 77.249226"
566,"JTL","South","JTL-119","Lajpat Nagar","Mahatma Gandhi Marg","Ashram","28.565828, 77.249610"
567,"JTL","South","JTL-120","Lajpat Nagar","Mahatma Gandhi Marg","Ashram","28.565745, 77.248599"
568,"JTL","South","JTL-121","Gupta Market","Mahatma Gandhi Marg","Ashram","28.565077, 77.239891"
569,"JTL","South","JTL-122","Gupta Market","Mahatma Gandhi Marg","Ashram","28.565084, 77.239958"
570,"JTL","South","JTL-123","Gupta Market","Mahatma Gandhi Marg","Dhaula Kuan","28.564850, 77.239414"
571,"JTL","South","JTL-124","Gupta Market","Mahatma Gandhi Marg","Dhaula Kuan","28.564796, 77.239880"
572,"JTL","South","JTL-125","Gupta Market","Mahatma Gandhi Marg","Dhaula Kuan","28.564900, 77.238652"
573,"JTL","South","JTL-126","Mool Chand","Mahatma Gandhi Marg","Ashram","28.565188, 77.235029"
574,"JTL","South","JTL-127","Andrews Ganj","Mahatma Gandhi Marg","Ashram","28.565997, 77.230408"
575,"JTL","South","JTL-128","Andrews Ganj","Mahatma Gandhi Marg","AIIMS","28.565851, 77.229896"
576,"JTL","South","JTL-129","Andrews Ganj","Mahatma Gandhi Marg","AIIMS","28.566025, 77.229421"
577,"JTL","South","JTL-130","Andrews Ganj","Mahatma Gandhi Marg","Ashram","28.565933, 77.230703"
578,"JTL","South","JTL-131","South Extension","Mahatma Gandhi Marg","Ashram","28.568793, 77.220958"
579,"JTL","South","JTL-132","South Extension","Mahatma Gandhi Marg","Ashram","28.568795, 77.220405"
580,"JTL","South","JTL-133","South Extension","Mahatma Gandhi Marg","Ashram","28.568807, 77.220676"
581,"JTL","South","JTL-134","South Extension","Mahatma Gandhi Marg","AIIMS","28.568529, 77.220928"
582,"JTL","South","JTL-135","South Extension","Mahatma Gandhi Marg","AIIMS","28.568555, 77.220333"
583,"JTL","South","JTL-136","South Extension","Mahatma Gandhi Marg","AIIMS","28.568541, 77.220574"
584,"JTL","South","JTL-137","AIIMS","Mahatma Gandhi Marg","Ashram","28.569227, 77.211961"
585,"JTL","South","JTL-138","AIIMS","Mahatma Gandhi Marg","Ashram","28.569185, 77.212433"
586,"JTL","South","JTL-139","AIIMS","Mahatma Gandhi Marg","Dhaula Kuan","28.568946, 77.212470"
587,"JTL","South","JTL-140","AIIMS","Mahatma Gandhi Marg","Dhaula Kuan","28.568977, 77.212164"
588,"JTL","South","JTL-141","S.J Hospital","Mahatma Gandhi Marg","AIIMS","28.569720, 77.204680"
589,"JTL","South","JTL-142","S.J Hospital","Mahatma Gandhi Marg","AIIMS","28.569732, 77.204705"
590,"JTL","South","JTL-143","S.J Hospital","Mahatma Gandhi Marg","AIIMS","28.569717, 77.204964"
591,"JTL","South","JTL-144","S J Hospital","Mahatma Gandhi Marg","Dhaula Kuan","28.569475, 77.204728"
592,"JTL","South","JTL-145","S J Hospital","Mahatma Gandhi Marg","Dhaula Kuan","28.569467, 77.204505"
593,"JTL","South","JTL-146","Raj Nagar","Mahatma Gandhi Marg","AIIMS","28.569957, 77.201298"
594,"JTL","South","JTL-147","Raj Nagar","Mahatma Gandhi Marg","Dhaula Kuan","28.569605, 77.201605"
595,"JTL","South","JTL-148","Nauroji Nagar","Mahatma Gandhi Marg","AIIMS","28.569580, 77.195245"
596,"JTL","South","JTL-149","Nauroji Nagar","Mahatma Gandhi Marg","Dhaula Kuan","28.569370, 77.195388"
597,"JTL","South","JTL-150","Nauroji Nagar","Mahatma Gandhi Marg","Dhaula Kuan","28.569311, 77.195102"
598,"JTL","South","JTL-151","Nauroji Nagar","Mahatma Gandhi Marg","AIIMS","28.569600, 77.195531"
599,"JTL","South","JTL-152","Hyatt Hotel","Mahatma Gandhi Marg","AIIMS","28.570113, 77.185616"
600,"JTL","South","JTL-153","Hyatt Hotel","Mahatma Gandhi Marg","AIIMS","28.570062, 77.185809"
601,"JTL","South","JTL-154","Africa Avenue","Mahatma Gandhi Marg","AIIMS","28.569550, 77.191339"
602,"JTL","South","JTL-155","Africa Avenue","Mahatma Gandhi Marg","Dhaula Kuan","28.569208, 77.191245"
603,"JTL","South","JTL-156","R K Puram, Sector 12","Mahatma Gandhi Marg","Dhaula Kuan","28.572465, 77.179630"
604,"JTL","South","JTL-157","R K Puram Sector 12","Mahatma Gandhi Marg","Dhaula Kuan","28.572701, 77.179405"
605,"JTL","South","JTL-158","R K Puram, Sector 12","Mahatma Gandhi Marg","Dhaula Kuan","28.572946, 77.179228"
606,"JTL","South","JTL-159","R K Puram Sector 12","Mahatma Gandhi Marg","Dhaula Kuan","28.573002, 77.179180"
607,"JTL","South","JTL-160","Aradhana Enclave","Mahatma Gandhi Marg","AIIMS","28.574434, 77.178627"
608,"JTL","South","JTL-161","R K Puram","Mahatma Gandhi Marg","AIIMS","28.571522, 77.181435"
609,"JTL","South","JTL-162","R K Puram Xing Sector 12","Mahatma Gandhi Marg","Dhaula Kuan","28.575147, 77.177798"
610,"JTL","South","JTL-163","R K Puram Xing Sector 12","Mahatma Gandhi Marg","Dhaula Kuan","28.574885, 77.177999"
611,"JTL","South","JTL-164","Moti Bagh","Mahatma Gandhi Marg","AIIMS","28.576188, 77.177737"
612,"JTL","South","JTL-165","South Moti Bagh","Mahatma Gandhi Marg","AIIMS","28.581891, 77.174302"
613,"JTL","South","JTL-166","South Moti Bagh","Mahatma Gandhi Marg","Dhaula Kuan","28.581697, 77.174039"
614,"JTL","South","JTL-167","North Moti Bagh","Mahatma Gandhi Marg","AIIMS","28.577064, 77.177179"
615,"JTL","South","JTL-168","Moti Bagh Gurudwara Nanak Pura","Mahatma Gandhi Marg","Dhaula Kuan","28.583989, 77.172555"
616,"JTL","South","JTL-169","Moti Bagh Gurudwara Nanak Pura","Mahatma Gandhi Marg","AIIMS","28.584762, 77.172802"
617,"JTL","South","JTL-170","Gurudwara Moti Bagh","Mahatma Gandhi Marg","Dhaula Kuan","28.585384, 77.171783"
618,"JTL","South","JTL-171","Satya Niketan","Mahatma Gandhi Marg","Dhaula Kuan","28.587795, 77.170329"
619,"JTL","South","JTL-172","Satya Niketan","Mahatma Gandhi Marg","Dhaula Kuan","28.587939, 77.170251"
620,"JTL","South","JTL-173","Satya Niketan","Mahatma Gandhi Marg","AIIMS","28.587840, 77.170664"
621,"JTL","South","JTL-174","Satya Niketan","Mahatma Gandhi Marg","AIIMS","28.587607, 77.170812"
622,"JTL","South","JTL-175","ARSD College","Mahatma Gandhi Marg","Dhaula Kuan","28.590327, 77.168677"
623,"JTL","South","JTL-176","ARSD College","Mahatma Gandhi Marg","Dhaula Kuan","28.590228, 77.168730"
624,"JTL","South","JTL-177","Venketeshvar College","Benito Juarez Marg","Dhaula Kuan","28.588208, 77.167430"
625,"JTL","South","JTL-178","Venketeshvar College","Benito Juarez Marg","RLA College","28.588067, 77.167495"
626,"JTL","South","JTL-179","South Campus","Benito Juarez Marg","Outer Ring Road","28.583926, 77.165017"
627,"JTL","South","JTL-180","South Campus","Benito Juarez Marg","Dhaula Kuan","28.583822, 77.165127"
628,"JTL","South","JTL-181","Ram Lal Anand College","Benito Juarez Marg","Dhaula Kuan","28.578201, 77.162354"
629,"JTL","South","JTL-182","Moti lalL Nehru College","Benito Juarez Marg","Dhaula Kuan","28.576937, 77.161828"
630,"JTL","South","JTL-183","Rav Tula Ram College","Benito Juarez Marg","Dhaula Kuan","28.575611, 77.159257"
631,"JTL","South","JTL-184","Arjun Path","Rao Tularam Marg","Airport","28.574658, 77.148404"
632,"JTL","South","JTL-185","Arjun Path","Rao Tularam Marg","Airport","28.574748, 77.147531"
633,"JTL","South","JTL-186","Arjun Path","Rao Tularam Marg","IIT","28.574766, 77.147248"
634,"JTL","South","JTL-187","Arjun Path","Rao Tularam Marg","IIT","28.575327, 77.147201"
635,"JTL","South","JTL-188","Arjun Path","Rao Tularam Marg","Ring road","28.575304, 77.147321"
636,"JTL","South","JTL-189","Arjun Path","Rao Tularam Marg","VV Depot","28.575070, 77.148495"
637,"JTL","South","JTL-190","Shani Mandir","Rao Tularam Marg","Airport","28.574120, 77.151525"
638,"JTL","South","JTL-191","R K Puram xing","Vivekanand Marg","Outer Ring Road","28.568376, 77.183695"
639,"JTL","South","JTL-192","R K Puram xing","Vivekanand Marg","Ring road","28.568415, 77.183546"
640,"JTL","South","JTL-193","Sector 1, R KPuram","Vivekanand Marg","Outer Ring Road","28.564337, 77.179925"
641,"JTL","South","JTL-194","Sector 1,R K Puram","Vivekanand Marg","Sanagm Cinema","28.564165, 77.180094"
642,"JTL","South","JTL-195","Sector 2 R K Puram","Vivekanand Marg","Mohd. Pur","28.565631, 77.182221"
643,"JTL","South","JTL-196","Sector 2, R KPuram","Africa Avenue","Ring road","28.564165, 77.180094"
644,"JTL","South","JTL-197","Sector 2, R K Puram","Africa Avenue","Outer Ring Road","28.561712, 77.188479"
645,"JTL","South","JTL-198","Sector 1 & 4 R K Puram","Vivekanand Marg","Mohd. Pur","28.563249, 77.179812"
646,"JTL","South","JTL-199","Sector 3, R Kpuram","Vivekanand Marg","Sangam Cinema","28.556620, 77.184707"
647,"JTL","South","JTL-200","Sector 3, R K Puram","Vivekanand Marg","Mohd. Pur","28.556761, 77.185067"
648,"JTL","South","JTL-201","Sector 3 R K Puram","Vivekanand Marg","Sangam Cinema","28.556539, 77.184938"
649,"JTL","South","JTL-202","Sector 3, R K Puram","Vivekanand Marg","Mohd. Pur","28.556945, 77.184428"
650,"JTL","South","JTL-203","Sector 4,R K Puram","Vivekanand Marg","Sangam Cinema","28.558076, 77.182325"
651,"JTL","South","JTL-204","Sector 4 & 2 R K Puram","Vivekanand Marg","Mohd. Pur","28.563230, 77.179769"
652,"JTL","South","JTL-205","R K Puram, Sector 7","Major Somnath Marg","Outer Ring Road","28.570671, 77.169128"
653,"JTL","South","JTL-206","R K Puram, Sector 7","Major Somnath Marg","Sangam Cinema","28.570931, 77.169328"
654,"JTL","South","JTL-207","R K Puram, Sector 8","Major Somnath Marg","Sangam Cinema","28.569727, 77.165532"
655,"JTL","South","JTL-208","R K Puram, Sector 8","Major Somnath Marg","Outer Ring Road","28.569772, 77.166177"
656,"JTL","South","JTL-209","R K Puram, Sector 7","Vivekanand Marg","Sangam Cinema","28.570479, 77.172736"
657,"JTL","South","JTL-210","Sector 10, R K Puram","Vivekanand Marg","Mohd. Pur","28.570256, 77.173066"
658,"JTL","South","JTL-211","Sangam Cinema","Major Somnath Marg","Sangam Cinema","28.573489, 77.173494"
659,"JTL","South","JTL-212","Munirka","Vivekanand Marg","Outer Ring Road","28.558490, 77.173765"
660,"JTL","South","JTL-213","Munirka","Vivekanand Marg","Hyatt Hotel","28.558687, 77.173697"
661,"JTL","South","JTL-214","R K Puram NAB","Vivekanand Marg","Outer Ring Road","28.561123, 77.176160"
662,"JTL","South","JTL-215","R K Puram NAB","Vivekanand Marg","Hyatt Hotel","28.561142, 77.175917"
663,"JTL","South","JTL-216","Mohan Singh Market","Tamil Sangam Marg","Sangam Cinema","28.566626, 77.176076"
664,"JTL","South","JTL-217","Mohan Singh Market","Tamil Sangam Marg","Mohd. Pur","28.566828, 77.176109"
665,"JTL","South","JTL-218","S J Enclave","Chaudhary Jhandu Marg","Mohd. Pur","28.566131, 77.191212"
666,"JTL","South","JTL-219","Bhikaji K Place","Africa Avenue","Outer Ring Road","28.568011, 77.189590"
667,"JTL","South","JTL-220","Bhikaji K Place","Africa Avenue","Ring road","28.567959, 77.189301"
668,"JTL","South","JTL-221","Mohd Pur","Africa Avenue","Ring road","28.564847, 77.188917"
669,"JTL","South","JTL-222","Mohd.Pur","Africa Avenue","Outer Ring Road","28.564949, 77.189089"
670,"JTL","South","JTL-223","IIT Hostel","Africa Avenue","Outer Ring Road","28.551949, 77.184771"
671,"JTL","South","JTL-224","IIT Hostel","Africa Avenue","Ring road","28.551957, 77.184771"
672,"JTL","South","JTL-225","Shiv Mandir","Khel Gaon Road","Ring road","28.565520, 77.224563"
673,"JTL","South","JTL-226","Ansal Plaza","Khel Gaon Road","Outer Ring Road","28.565481, 77.224745"
674,"JTL","South","JTL-227","Ayur Vigyan Nagar","Khel Gaon Road","Ring road","28.561403, 77.222083"
675,"JTL","South","JTL-228","Ayur Vigyan Nagar","Khel Gaon Road","Ring road","28.561076, 77.221787"
676,"JTL","South","JTL-229","Ayur Vigyan Nagar","Khel Gaon Road","Outer Ring Road","28.560483, 77.221487"
677,"JTL","South","JTL-230","Anand Lok","Khel Gaon Road","Outer Ring Road","28.558341, 77.218584"
678,"JTL","South","JTL-231","Uday Park","Khel Gaon Road","Ring road","28.559076, 77.219147"
679,"JTL","South","JTL-232","Neeti Bagh","Khel Gaon Road","Ring road","28.557829, 77.217428"
680,"JTL","South","JTL-233","K N College","Khel Gaon Road","Outer Ring Road","28.556486, 77.216149"
681,"JTL","South","JTL-234","Shahpur Jat","Khel Gaon Road","Outer Ring Road","28.548109, 77.209936"
682,"JTL","South","JTL-235","Khel Gaon","Khel Gaon Road","Ring road","28.549818, 77.210299"
683,"JTL","South","JTL-236","Khel Gaon","Khel Gaon Road","Outer Ring Road","28.550871, 77.210922"
684,"JTL","South","JTL-237","Panchsheel Club","Khel Gaon Road","Ring road","28.546062, 77.209013"
685,"JTL","South","JTL-238","Panchsheel Club","Khel Gaon Road","Outer Ring Road","28.546080, 77.209201"
686,"JTL","North","JTL-239-P","Madhuban Chowk","Bhagawan Mahavir Marg","Pitampura","28.705347, 77.129300"
687,"JTL","North","JTL-240-P","Fire Station Sector-8","Bhagawan Mahavir Marg","Rithala","28.707273, 77.126575"
688,"JTL","North","JTL-241-P","Sai baba Chowk","Bhagawan Mahavir Marg","Rithala","28.708156, 77.124965"
689,"JTL","North","JTL-242-P","Ambedkar Hospital","Bhagawan Mahavir Marg","Madhuban Chowk","28.715722, 77.114378"
690,"JTL","West","JTL-243-P","Janak Setu","Jail Road","Janakpuri","28.610458, 77.113882"
691,"JTL","West","JTL-244-P","Janak Setu","Jail Road","Dhaula Kuan","28.610739, 77.113663"
692,"JTL","North","JTL-245-P","Vijay Nagar","Vijay Nagar Marg","Kingsway camp","28.692913, 77.205190"
693,"JTL","West","JTL-246-P","Fire Station (Kirti Ngr)","Satguru Ram Singh Marg","Maya Puri","28.639697, 77.134261"
694,"JTL","West","JTL-247-P","P S Kirti Nagar","Satguru Ram Singh Marg","Kirti Nagar","28.649653, 77.143705"
695,"JTL","West","JTL-248-P","P S Kirti Nagar","Satguru Ram Singh Marg","Maya Puri","28.649551, 77.143951"
696,"JTL","West","JTL-249-P","Sarswati Garden","Satguru Ram Singh Marg","Kirti Nagar","28.646045, 77.139970"
697,"JTL","West","JTL-250-P","Sarswati Garden","Satguru Ram Singh Marg","M.Puri","28.646055, 77.140268"
698,"JTL","West","JTL-251-P","Wood Mkt( Mansarovar Garden)","Satguru Ram Singh Marg","Kirti Nagar","28.642558, 77.136689"
699,"JTL","West","JTL-252-P","Wood Mkt( Mansarovar Garden)","Satguru Ram Singh Marg","Maya Puri","28.642877, 77.137161"
700,"JTL","South","JTL-253-P","Sarai kale Khan(CNG Station)","Mahatma Gandhi Marg","Bhairon Marg","28.590351, 77.258026"
701,"JTL","South","JTL-254-P","Malai Mandir","Olof Palme Marg","Airport","28.567028, 77.165484"
702,"JTL","East","JTL-255-M","Opposite Akshardham","Gurjar Samrat Mihir Bhoj Marg","Ring Road","28.611204, 77.280527"
703,"JTL","East","JTL-256-P","CWG Village","Gurjar Samrat Mihir Bhoj Marg","Ring Road","28.611679, 77.281809"
704,"JTL","Central","JTL-257-P","Purana Qila (Opposite Pragati Maidan)","Bhairon Marg","Mathura Road","28.611392, 77.245921"
705,"JTL","East","JTL-258-P","Mansarovar Park Metro Station","G T Road","Dilshad garden","28.675862, 77.299921"
706,"JTL","East","JTL-259-P","Mansarovar Park Metro Station","G T Road","Shahdra","28.675540, 77.300065"
707,"JTL","East","JTL-260-P","Shahdara Border","G T Road","Shahdara","28.676202, 77.321873"
708,"JTL","East","JTL-261-P","Shahdara Border","G T Road","UP Border","28.676432, 77.321969"
709,"JTL","East","JTL-262-P","Seelam Pur Metro Station","G T Road","ISBT","28.670563, 77.265523"
710,"JTL","East","JTL-263-P","Dilshad Garden GT Road","G T Road","ISBT","28.675863, 77.311889"
711,"JTL","East","JTL-264-P","Shastri Prk M/Train Depot","G T Road","ISBT","28.673795, 77.248061"
712,"JTL","East","JTL-265-P","Shahstri Park DMRC Depot","G T Road","Shahdara","28.674096, 77.247634"
713,"JTL","East","JTL-266-P","Shahstri Park","G T Road","Shahdara","28.672620, 77.256953"
714,"JTL","East","JTL-267-P","Shahstri Park","G T Road","ISBT","28.672221, 77.257220"
715,"JTL","East","JTL-268-P","Shakar Pur School Block S-1","New Patpar Ganj Raod","Laxmi Nagar","28.626992, 77.279537"
716,"JTL","East","JTL-269-P","Shakar Pur School Block S-3","New Patpar Ganj Raod","Laxmi Nagar","28.627221, 77.279233"
717,"JTL","East","JTL-270-P","Ganesh Nagar","New Patpar Ganj Raod","Pandav Nagar","28.621049, 77.285148"
718,"JTL","East","JTL-271-P","Mother Dairy","New Patpar Ganj Raod","Pandav Nagar","28.618880, 77.286310"
719,"JTL","North","JTL-272-P","Rohini Sector-9","Bhagawan Mahavir Marg","Madhuban Chowk","28.714068, 77.116839"
720,"JTL","North","JTL-273-P","Rohini Sector-7","Bhagawan Mahavir Marg","Rithala","28.713379, 77.117309"
721,"JTL","North","JTL-274-P","Rithala Metro station","Bhagawan Mahavir Marg","Sector 24","28.719497, 77.108567"
722,"JTL","North","JTL-275-P","Rithala Metro station","Bhagawan Mahavir Marg","Madhuban Chowk","28.719843, 77.108522"
723,"JTL","North","JTL-276-P","Ambedkar Hospital","Bhagawan Mahavir Marg","Rithala","28.715789, 77.113956"
724,"JTL","North","JTL-277-P","Rajiv Gandhi Cancer Hospital","Bhagawan Mahavir Marg","Rithala","28.717141, 77.111970"
725,"JTL","North","JTL-278-P","Rohini Sector-9","Bhagawan Mahavir Marg","Madhuban Chowk","28.714075, 77.116840"
726,"JTL","North","JTL-279-P","Fire Station Sector-8","Bhagawan Mahavir Marg","Pitampura","28.707339, 77.126547"
727,"JTL","North","JTL-280-P","Rohini Sector 7 & 8","Bhagawan Mahavir Marg","Madhuban Chowk","28.708410, 77.124983"
728,"JTL","East","JTL-281-P","Shyam Lal College","G T Road","ISBT","28.673434, 77.283814"
729,"JTL","East","JTL-282-P","Shyam Lal College","G T Road","UP Border","28.673606, 77.283417"
730,"JTL","West","JTL-283-P","Rajendra Place","Pusa Road","Shadipur","28.642743, 77.180662"
731,"JTL","Central","JTL-284-P","Videocon Tower","Rani Jhas Road","Jhandewalan","28.644042, 77.203535"
732,"JTL","Central","JTL-285-P","Rani Jhasi Road","Rani Jhas Road","Pusa Road","28.645647, 77.204936"
733,"JTL","Central","JTL-286-P","P S Paharganj","D B Gupta Road","Jhandewalan","28.645989, 77.208140"
734,"JTL","Central","JTL-287-P","P S Paharganj","D B Gupta Road","Jhandewalan","28.646036, 77.207895"
735,"JTL","Central","JTL-288-P","P S Paharganj","D B Gupta Road","New Delhi Railway Station","28.646208, 77.208161"
736,"JTL","Central","JTL-289-P","Jhandewalan","D B Gupta Road","Anand Parbat","28.646795, 77.204130"
737,"JTL","Central","JTL-290-P","Jhandewalan","D B Gupta Road","Paharganj","28.647083, 77.203855"
738,"JTL","Central","JTL-291-P","Karol Bagh Terminal","D B Gupta Road","Anand Parbat","28.643994, 77.189134"
739,"JTL","Central","JTL-292-P","Karol Bagh Terminal","D B Gupta Road","Paharganj","28.644011, 77.188031"
740,"JTL","Central","JTL-293-P","Karol Bagh Terminal","D B Gupta Road","Paharganj","28.644023, 77.188126"
741,"JTL","Central","JTL-294-P","Tibiya College","New Rohtak Road","Anand Parbat","28.657321, 77.195021"
742,"JTL","Central","JTL-295-P","Tibiya College","New Rohtak Road","Filmistan Xing","28.657545, 77.194881"
743,"JTL","Central","JTL-296-P","Guru Gobind Singh Marg","New Rohtak Road","Jhandewalan","28.655580, 77.198733"
744,"JTL","Central","JTL-297-P","Guru Gobind Singh Marg","New Rohtak Road","Zakhira","28.655189, 77.199170"
745,"JTL","West","JTL-298-P","Rajinder Nagar","Shankar Road","To be done","28.641216, 77.175711"
746,"JTL","West","JTL-299-P","Shankar Road Market","Shankar Road","To be done","28.639039, 77.179256"
747,"JTL","West","JTL-300-P","Rajinder Nagar Post Office","Shankar Road","To be done","28.636900, 77.183190"
748,"JTL","South","JTL-301-P","Vardhman mahavir medical college","Mahatma Gandhi Marg","Dhaula Kuan","28.569509, 77.204315"
749,"JTL","South","JTL-302-P","Metro station Green Park","Aurobindo Marg","AIIMS","28.557732, 77.206585"
750,"JTL","West","JTL-303-P","Dhaula Kuan","Mahatma Gandhi Marg","Dhaula Kuan","28.598783, 77.162693"
751,"JTL","West","JTL-304-P","Defence officers enclave (Dhaula kaun)","Mahatma Gandhi Marg","AIIMS","28.599221, 77.162929"
752,"JTL-New 100","South","JTL-305-P","Aerocity","NH - 8","Shankar Vihar","28.548418, 77.121412"
753,"JTL-New 100","South","JTL-306-P","Aerocity","NH - 8","Shankar Vihar","28.547758, 77.122936"
786,"DTIDC","South","DDS-320-P","Okhla Sabzi Mandi","Captain Gaur Marg","Ring Road","28.559142, 77.262081"
787,"DTIDC","North","DDN-321-P","Bungalow Road","Bungalow Road","Kamla nagar market","28.680472, 77.208242"
788,"DTIDC","North","DDN-322-P","Hansraj College","Mahatma Hans Raj Marg","Sri Ram Institute","28.679348, 77.208466"
789,"DTIDC","North","DDN-323-P","Shriram Institute","N V Thadani Marg","Mall Road","28.681161, 77.212393"
790,"DTIDC","North","DDN-324-P","Delhi old Sachivalaya(Postal Accounts office)","Sham Nath Marg","Kashmere gate","28.684115, 77.222255"
791,"DTIDC","North","DDN-325-P","Khalsa College","Guru Tegh Bahadur Road","Patel Chest","28.694462, 77.209515"
792,"DTIDC","North","DDN-326-P","Patel Chest","Guru Tegh Bahadur Road","Dhaulat Ram","28.691357, 77.208051"
793,"DTIDC","North","DDN-327-P","Postal Accounts Office","Sham Nath Marg","Azadpur","28.676361, 77.225061"
794,"DTIDC","North","DDN-328-P","Dhaulat Ram College","Guru Tegh Bahadur Road","Roop Nagar","28.688033, 77.206448"
795,"DTIDC","North","DDN-329-P","Police Station Roop Nagar","Satyawati Marg","Shakti Nagar","28.684176, 77.202607"
796,"DTIDC","North","DDN-330-P","Kirori Mal College","Prof ND Kapoor Marg","Ramjas College","28.683684, 77.207884"
797,"DTIDC","North","DDN-331-P","Kirori Mal College","Prof ND Kapoor Marg","Hansraj College","28.683727, 77.207989"
798,"DTIDC","South","DDS-332-P","Nelson Mandela Marg(Outside Shopping Complex)","Nelson Mandela Marg","VV Depot","28.539989, 77.155604"
799,"DTIDC","South","DDS-333-P","Vasant Vihar (Opposite Priya)","Munirka Marg","VV Depot","28.556935, 77.163531"
800,"DTIDC","North","DDN-334-P","Raj Ghat Depot-On Ring Road Bye Pass","Mahatma Gandhi Marg","ITO","28.640759, 77.257995"
801,"DTIDC","North","DDN-335-P","Raj Ghat Depot- On Ring Road Bye Pass","Mahatma Gandhi Marg","ISBT","28.640850, 77.257775"
802,"DTIDC","North","DDN-336-P","Geeta Colony pul- On Ring Road Bye Pass","Mahatma Gandhi Marg","ITO","28.650058, 77.252411"
803,"DTIDC","North","DDN-337-P","Geeta Colony pul- On Ring Road Bye Pass","Mahatma Gandhi Marg","ISBT","28.650384, 77.251909"
804,"DTIDC","South","DDS-338-P","Nelson Mandela Marg","Nelson Mandela Marg","Vasant Kunj","28.530828, 77.149664"
805,"DTIDC-New 100","North","DDN-339-P","Kohat Enclave","Shaid Jagat Narayan Marg","Madhuban Chowk","28.696936, 77.142694"
806,"DTIDC-New 100","North","DDN-340-P","Punjab Kesri","Mahatma Gandhi Marg","Punjabi bagh","28.695879, 77.155603"
807,"DTIDC-New 100","North","DDN-341-P","Wazirpur Depot","Mahatma Gandhi Marg","Azadpur","28.694777, 77.154698"
808,"DTIDC-New 100","North","DDN-342-P","Wazirpur Depot","Mahatma Gandhi Marg","Punjabi Bagh","28.694859, 77.155136"
809,"DTIDC-New 100","North","DDN-343-P","Wazirpur Depot","Mahatma Gandhi Marg","Punjabi Bagh","28.694485, 77.154937"
810,"DTIDC-New 100","North","DDN-344-P","Shalimar bagh","Mahatma Gandhi Marg","Azadpur","28.700938, 77.160882"
811,"DTIDC-New 100","North","DDN-345-P","Shalimar bagh","Mahatma Gandhi Marg","Azadpur","28.701057, 77.161291"
812,"DTIDC-New 100","North","DDN-346-P","Shalimar bagh","Mahatma Gandhi Marg","Wazirpur Depot","28.700796, 77.161419"
813,"DTIDC-New 100","North","DDN-347-P","Hansraj College","Professor N.D Kapoor Marg","Malkaganj","28.679430, 77.208458"
814,"DTIDC-New 100","South","DDS-348-P","Palam More","Airport Road","Domestic Airport","28.567786, 77.129559"
815,"DTIDC-New 100","South","DDS-349-P","Jharara Village","NH-8","Dhaula Kuan","28.579109, 77.144921"
816,"DTIDC-New 100","South","DDS-350-P","Jharara Village","NH-8","Gurgaon","28.579582, 77.145102"
817,"DTIDC-New 100","South","DDS-351-P","Subrotto Park","NH-8","Dhaula Kuan","28.589328, 77.153959"
818,"DTIDC-New 100","South","DDS-352-P","Subrotto Park","NH-8","Gurgaon","28.589161, 77.154262"
819,"DTIDC-New 100","South","DDS-353-P","Maha Rana Pratap Chowk","NH-8","Dhaula Kuan","28.589581, 77.155347"
820,"DTIDC-New 100","South","DDS-354-P","R R Hospital","NH-8","Dhaula Kuan","28.590673, 77.157255"
821,"DTIDC-New 100","South","DDS-355-P","R R Hospital","NH-8","Gurgaon","28.590771, 77.158499"
886,"DTIDC-319","South","DDS-1-P","FAI","Shaheed Ajit Singh Marg","Ber Sarai","28.543369, 77.180223"
887,"DTIDC-319","South","DDS-2-P","FAI","Shaheed Ajit Singh Marg","Katwaria Sarai","28.543597, 77.180083"
888,"DTIDC-319","South","DDS-3-P","Katwaria Sarai","Shaheed Ajit Singh Marg","Ber Sarai","28.540345, 77.185582"
889,"DTIDC-319","South","DDS-4-P","Katwaria Sarai","Shaheed Ajit Singh Marg","Katwaria Sarai","28.540396, 77.185578"
890,"DTIDC-319","South","DDS-5-P","Qutab Hotel","Shaheed Ajit Singh Marg","Ber Sarai","28.538953, 77.190075"
891,"DTIDC-319","South","DDS-6-P","Qutab Hotel","Shaheed Ajit Singh Marg","Katwaria Sarai","28.539224, 77.189747"
892,"DTIDC-319","South","DDS-7-P","Sanskrit VidyaPeeth","Shaheed Ajit Singh Marg","Ber Sarai","28.541805, 77.182687"
893,"DTIDC-319","South","DDS-8-P","Sanskrit VidyaPeeth","Shaheed Ajit Singh Marg","Katwaria Sarai","28.542029, 77.182771"
894,"DTIDC-319","South","DDS-9-P","Bhati Mines","Main Chhatarpur Road","Mehrauli","28.429838, 77.225960"
895,"DTIDC-319","South","DDS-10-P","Chandan Hola","Main Chhatarpur Road","Bhati Mines","28.468330, 77.187246"
896,"DTIDC-319","South","DDS-11-P","Chandan Hola","Main Chhatarpur Road","Mehrauli","28.467816, 77.186844"
897,"DTIDC-319","South","DDS-12-P","Chatter Pur Mandir","Main Chhatarpur Road","Bhati Mines","28.502515, 77.181352"
898,"DTIDC-319","South","DDS-13-P","Chatter Pur Mandir","Main Chhatarpur Road","Mehrauli","28.502233, 77.181437"
899,"DTIDC-319","South","DDS-14-P","Chatter Pur Pahari","100 Feet Road","Bhati Mines","28.509646, 77.185302"
900,"DTIDC-319","South","DDS-15-P","Chatter Pur Pahari","100 Feet Road","Mehrauli","28.509151, 77.185087"
901,"DTIDC-319","South","DDS-16-P","Chatter Pur Xing","Main Chhatarpur Road","Bhati Mines","28.505500, 77.175034"
902,"DTIDC-319","South","DDS-17-P","Chatter Pur Xing","Main Chhatarpur Road","Mehrauli","28.505429, 77.174755"
903,"DTIDC-319","South","DDS-18-P","Dera Village","Main Chhatarpur Road","Mehrauli","28.439175, 77.175950"
904,"DTIDC-319","South","DDS-19-P","Fateh Pur Berri","Main Chhatarpur Road","Mehrauli","28.459584, 77.184630"
905,"DTIDC-319","South","DDS-21-P","Mallu Farm","Main Chhatarpur Road","Bhati Mines","28.475379, 77.187553"
906,"DTIDC-319","South","DDS-22-P","Mallu Farm","Main Chhatarpur Road","Mehrauli","28.474813, 77.187027"
907,"DTIDC-319","South","DDS-23-P","Radha SwamySatsang","Main Chhatarpur Road","Bhati Mines","28.438686, 77.198315"
908,"DTIDC-319","South","DDS-24-P","Radha SwamySatsang","Main Chhatarpur Road","Mehrauli","28.438328, 77.198556"
909,"DTIDC-319","South","DDS-25-P","Raj Pur Extension","Main Chhatarpur Road","Mehrauli","28.485931, 77.188109"
910,"DTIDC-319","South","DDS-26-P","Raj Pur Extension","Main Chhatarpur Road","Bhati Mines","28.486403, 77.188103"
911,"DTIDC-319","South","DDS-27-P","Sawan PublicSchool","Main Chhatarpur Road","Mehrauli","28.437761, 77.200283"
912,"DTIDC-319","South","DDS-28-P","Shani Dham Mandir","Main Chhatarpur Road","Bhati Mines","28.463790, 77.186544"
913,"DTIDC-319","South","DDS-29-P","Shani Dham Mandir","Main Chhatarpur Road","Mehrauli","28.463243, 77.185997"
914,"DTIDC-319","South","DDS-30-P","Chattarpur Village","Main Chhatarpur Road","Mehrauli","28.502482, 77.180413"
915,"DTIDC-319","South","DDS-31-P","Nanda Hospital","Main Chhatarpur Road","Bhati Mines","28.493353, 77.184844"
916,"DTIDC-319","South","DDS-32-P","Nanda Hospital","Main Chhatarpur Road","Mehrauli","28.493546, 77.184503"
917,"DTIDC-319","South","DDS-33-P","Harswaroop Colony","Main Chhatarpur Road","Bhati Mines","28.454513, 77.183751"
918,"DTIDC-319","South","DDS-34-P","Harswaroop Colony","Main Chhatarpur Road","Mehrauli","28.454060, 77.183421"
919,"DTIDC-319","South","DDS-35-P","Dera Village More","Main Chhatarpur Road","Mehrauli","28.449716, 77.184210"
920,"DTIDC-319","South","DDS-36-P","A N Depot","Mehrauli Badarpur Road","Badarpur","28.515962, 77.225762"
921,"DTIDC-319","South","DDS-37-P","Air Force Station","Mehrauli Badarpur Road","Ambedkar Nagar","28.511276, 77.256595"
922,"DTIDC-319","South","DDS-38-P","Air Force Station","Mehrauli Badarpur Road","Badarpur","28.511663, 77.255780"
923,"DTIDC-319","South","DDS-39-P","Batra Hospital","Mehrauli Badarpur Road","Ambedkar Nagar","28.511950, 77.246817"
924,"DTIDC-319","South","DDS-40-P","Batra Hospital","Mehrauli Badarpur Road","Badarpur","28.512393, 77.245846"
925,"DTIDC-319","South","DDS-41-P","Deoli X-ing","Mehrauli Badarpur Road","Badarpur","28.514061, 77.234246"
926,"DTIDC-319","South","DDS-42-P","G-Block DakshinPuri","Mehrauli Badarpur Road","Badarpur","28.513962, 77.234692"
927,"DTIDC-319","South","DDS-43-P","Khan Pur Extension","Mehrauli Badarpur Road","Ambedkar Nagar","28.513922, 77.234804"
928,"DTIDC-319","South","DDS-44-P","Sangam Vihar","Mehrauli Badarpur Road","Ambedkar Nagar","28.511872, 77.248644"
929,"DTIDC-319","South","DDS-45-P","Sangam Vihar","Mehrauli Badarpur Road","Badarpur","28.512232, 77.248434"
930,"DTIDC-319","South","DDS-46-P","Sat Narain Tample","Mehrauli Badarpur Road","Ambedkar Nagar","28.512118, 77.243402"
931,"DTIDC-319","South","DDS-47-P","Sat Narain Tample","Mehrauli Badarpur Road","Badarpur","28.512403, 77.243126"
932,"DTIDC-319","South","DDS-48-P","Vayu Sena Bad","Mehrauli Badarpur Road","Badarpur","28.513018, 77.238715"
933,"DTIDC-319","South","DDS-49-P","Ber Sarai","Aruna Asef Ali Road","Kishan Garh","28.550690, 77.181638"
934,"DTIDC-319","South","DDS-50-P","Ber Sarai","Aruna Asef Ali Road","Kishan Garh","28.549402, 77.180632"
935,"DTIDC-319","South","DDS-51-P","ICSSR","Aruna Asef Ali Road","Outer Ring Road","28.533300, 77.171666"
936,"DTIDC-319","South","DDS-52-P","Kishan Garh","Aruna Asef Ali Road","Outer Ring Road","28.522215, 77.167839"
937,"DTIDC-319","South","DDS-53-P","School of PhysicalScience","Aruna Asef Ali Road","Kishan Garh","28.545899, 77.179253"
938,"DTIDC-319","South","DDS-54-P","Bhatnagar PublicSchool","Bhagwan Mahaveer Road","Kishan Garh","28.530167, 77.154384"
939,"DTIDC-319","South","DDS-55-P","Bhatnagar PublicSchool","Bhagwan Mahaveer Road","Nelson Mandela Marg","28.530008, 77.154359"
940,"DTIDC-319","South","DDS-56-P","Goyanka PublicSchool","Bhagwan Mahaveer Road","Nelson Mandela Marg","28.529013, 77.154959"
941,"DTIDC-319","South","DDS-57-P","Goyanka PublicSchool","Bhagwan Mahaveer Road","Kishan Garh","28.529132, 77.155025"
942,"DTIDC-319","South","DDS-58-P","Mother Dairy(Kishan Garh)","Bhagwan Mahaveer Road","Kishan Garh","28.531276, 77.153760"
943,"DTIDC-319","South","DDS-59-P","Mother Dairy(Kishan Garh)","Bhagwan Mahaveer Road","Nelson Mandela Marg","28.531058, 77.153627"
944,"DTIDC-319","South","DDS-60-P","Sec B-II VasantKunj","Bhagwan Mahaveer Road","Nelson Mandela Marg","28.531501, 77.153334"
945,"DTIDC-319","South","DDS-61-P","Sec.-B-II VasantKunj","Bhagwan Mahaveer Road","Kishan Garh","28.531680, 77.153499"
946,"DTIDC-319","South","DDS-62-P","Vasant Kunj B-3(Central School)","Bhagwan Mahaveer Road","Kishan Garh","28.532836, 77.152043"
947,"DTIDC-319","South","DDS-63-P","Vasant Kunj B-8-9","Bhagwan Mahaveer Road","Kishan Garh","28.528357, 77.155756"
948,"DTIDC-319","South","DDS-64-P","Vasant Kunj B-8-9","Bhagwan Mahaveer Road","Nelson Mandela Marg","28.528074, 77.155955"
949,"DTIDC-319","South","DDS-65-P","Lado Sarai","Mehrauli Badarpur Road","Badarpur","28.522723, 77.193529"
950,"DTIDC-319","South","DDS-66-P","Asian Market","Mehrauli Badarpur Road","A N Depot/Badarpur","28.517028, 77.220795"
951,"DTIDC-319","South","DDS-67-P","Asian Market","Mehrauli Badarpur Road","Lado Sarai","28.516580, 77.221181"
952,"DTIDC-319","South","DDS-68-P","Dhaula Peer","Mehrauli Badarpur Road","Lado Sarai X-ing","28.521917, 77.198016"
953,"DTIDC-319","South","DDS-69-P","Dhaula Peer","Mehrauli Badarpur Road","Lado Sarai X-ing","28.522209, 77.198139"
954,"DTIDC-319","South","DDS-70-P","Institute ofPharmacy(DIPSAR)","Mehrauli Badarpur Road","Lado Sarai X-ing","28.515953, 77.224128"
955,"DTIDC-319","South","DDS-71-P","Institute ofPharmacy(DIPSAR)","Mehrauli Badarpur Road","Lado Sarai X-ing","28.516127, 77.223403"
956,"DTIDC-319","South","DDS-72-P","Institute ofPharmacy(DIPSAR)","Mehrauli Badarpur Road","A N Depot","28.516382, 77.223666"
957,"DTIDC-319","South","DDS-73-P","Institute ofPharmacy(DIPSAR)","Mehrauli Badarpur Road","A N Depot","28.516651, 77.222379"
958,"DTIDC-319","South","DDS-74-P","Lado Sarai X-ing","Mehrauli Badarpur Road","A N Depot","28.523593, 77.190763"
959,"DTIDC-319","South","DDS-75-P","Lado Sarai X-ing","Mehrauli Badarpur Road","Lado Sarai X-ing","28.522692, 77.192099"
960,"DTIDC-319","South","DDS-76-P","Maidan Garhi Xing","Mehrauli Badarpur Road","A N Depot","28.519705, 77.206993"
961,"DTIDC-319","South","DDS-77-P","Maidan Garhi Xing","Mehrauli Badarpur Road","Lado Sarai X-ing","28.519120, 77.208307"
962,"DTIDC-319","South","DDS-78-P","Saidulajab","Mehrauli Badarpur Road","Lado Sarai X-ing","28.520257, 77.203155"
963,"DTIDC-319","South","DDS-79-P","Saidulajab","Mehrauli Badarpur Road","A N Depot","28.520714, 77.202241"
964,"DTIDC-319","South","DDS-80-P","Saket Xing","Mehrauli Badarpur Road","A N Depot","28.517872, 77.216303"
965,"DTIDC-319","South","DDS-81-P","Saket Xing","Mehrauli Badarpur Road","Lado Sarai X-ing","28.517577, 77.216370"
966,"DTIDC-319","South","DDS-82-P","Aurobindo College","Basant Kaur Marg","Begam Pur","28.532627, 77.204343"
967,"DTIDC-319","South","DDS-83-P","Aurobindo College","Basant Kaur Marg","Geetanjali","28.532540, 77.204451"
968,"DTIDC-319","South","DDS-84-P","Geetanjali","Basant Kaur Marg","Begam Pur","28.530910, 77.199733"
969,"DTIDC-319","South","DDS-85-P","Vasant Lok","Poorvi Marg","Ring Road","28.560397, 77.164429"
970,"DTIDC-319","South","DDS-86-P","Vasant Vihar FBlock","Poorvi Marg","Ring Road","28.559810, 77.157167"
971,"DTIDC-319","South","DDS-87-P","VasantVihar(CPWD)","Munirka Marg","Vasant Vihar","28.554886, 77.164414"
972,"DTIDC-319","South","DDS-88-P","Vasant Kunj D-7Sector -D (1)","Nelson Mandela Marg","Inside","28.530666, 77.146479"
973,"DTIDC-319","South","DDS-89-P","Vasant Kunj D-7Sector -D (2)","Nelson Mandela Marg","Inside","28.530916, 77.146747"
974,"DTIDC-319","South","DDS-90-P","Vasant Kunj D-7Sector -D (3)","Nelson Mandela Marg","Inside","28.530256, 77.148726"
975,"DTIDC-319","South","DDS-91-P","Kamal Cinema","Chaudhary Harsukh Marg","Green Park","28.565253, 77.198834"
976,"DTIDC-319","South","DDS-92-P","Kamal Cinema","Chaudhary Harsukh Marg","Africa Avenue","28.565105, 77.198940"
977,"DTIDC-319","South","DDS-93-P","Qutab Minar","Flower Sellers Road","Inside","28.525229, 77.187714"
978,"DTIDC-319","South","DDS-94-P","Qutab Minar","Flower Sellers Road","Inside","28.525045, 77.187908"
979,"DTIDC-319","South","DDS-95-P","Lal Kuan","Mehrauli Badarpur Road","Badarpur","28.502564, 77.283938"
980,"DTIDC-319","South","DDS-96-P","Prahlad Pur","Mehrauli Badarpur Road","Ambedkar Nagar","28.500697, 77.293606"
981,"DTIDC-319","South","DDS-97-P","Prahlad Pur","Mehrauli Badarpur Road","Badarpur","28.500119, 77.294521"
982,"DTIDC-319","South","DDS-98-P","Prem Nagar","Mehrauli Badarpur Road","Ambedkar Nagar","28.503544, 77.280097"
983,"DTIDC-319","South","DDS-99-P","Prem Nagar","Mehrauli Badarpur Road","Badarpur","28.504515, 77.279255"
984,"DTIDC-319","South","DDS-100-P","Rajiv Gandhi Std.","Mehrauli Badarpur Road","Ambedkar Nagar","28.499099, 77.299132"
985,"DTIDC-319","South","DDS-101-P","Rajiv Gandhi Std.","Mehrauli Badarpur Road","Badarpur","28.499372, 77.298467"
986,"DTIDC-319","South","DDS-102-P","Suraj Kund X-ing","Mehrauli Badarpur Road","Ambedkar Nagar","28.501463, 77.290388"
987,"DTIDC-319","South","DDS-103-P","Suraj Kund X-ing","Mehrauli Badarpur Road","Badarpur","28.501799, 77.290060"
988,"DTIDC-319","South","DDS-104-P","Hauz Khas Terminal","Gamal Abdel Nasser Marg","Inside Terminal","28.543086, 77.201946"
989,"DTIDC-319","South","DDS-105-P","Hauz Khas Terminal","Gamal Abdel Nasser Marg","Inside Terminal","28.542923, 77.201962"
990,"DTIDC-319","South","DDS-106-P","Lado Sarai Terminal","Mehrauli Badarpur Road","Inside Terminal","28.523985, 77.191019"
991,"DTIDC-319","South","DDS-107-P","Lado Sarai Terminal","Mehrauli Badarpur Road","Inside Terminal","28.523910, 77.191257"
992,"DTIDC-319","South","DDS-108-P","Lado Sarai Terminal","Mehrauli Badarpur Road","Inside Terminal","28.523723, 77.191416"
993,"DTIDC-319","South","DDS-109-P","Lado Sarai Terminal","Mehrauli Badarpur Road","Inside Terminal","28.523851, 77.191072"
994,"DTIDC-319","South","DDS-110-P","Lado Sarai Terminal","Mehrauli Badarpur Road","Inside Terminal","28.523752, 77.190866"
995,"DTIDC-319","South","DDS-111-P","Begam Pur","Basant Kaur Marg","Begam Pur","28.537188, 77.210015"
996,"DTIDC-319","South","DDS-112-P","Begam Pur","Basant Kaur Marg","Geetanjali","28.536929, 77.210119"
997,"DTIDC-319","South","DDS-113-P","Malviya Nagar","Basant Kaur Marg","Malviya Nagar (T)","28.535267, 77.208457"
998,"DTIDC-319","South","DDS-114-P","Malviya Nagar","Basant Kaur Marg","Malviya Nagar Xing","28.535692, 77.208446"
999,"DTIDC-319","South","DDS-115-P","Bhavishaya Nidhi Enclave","Basant Kaur Marg","Malviya Nagar Xing","28.542179, 77.209607"
1000,"DTIDC-319","South","DDS-116-P","Maharishi Daya Nand Marg (Malviya Nagar)","Maharishi Daya Nand Marg","Malviya Nagar Xing","28.540586, 77.212785"
1001,"DTIDC-319","South","DDS-117-P","Malviya Nagar","Maharishi Daya Nand Marg","Geetanjali","28.538452, 77.213811"
1002,"DTIDC-319","South","DDS-118-P","Malviya Nagar Market","Maharishi Daya Nand Marg","Malviya Nagar Xing","28.536388, 77.211440"
1003,"DTIDC-319","South","DDS-119-P","Malviya Nagar Terminal","Basant Kaur Marg","Malviya Nagar Xing","28.531274, 77.207574"
1004,"DTIDC-319","South","DDS-120-P","Malviya Nagar Terminal","Basant Kaur Marg","Malviya Nagar Xing","28.530779, 77.207617"
1005,"DTIDC-319","South","DDS-121-P","Malviya Nagar X-ing","Maharishi Daya Nand Marg","Malviya Nagar (T)","28.538897, 77.213674"
1006,"DTIDC-319","South","DDS-122-P","Mehrauli Terminal","Kalka Das Marg","Inside","28.522575, 77.181725"
1007,"DTIDC-319","South","DDS-123-P","Mehrauli Terminal","Kalka Das Marg","Inside","28.523433, 77.182477"
1008,"DTIDC-319","South","DDS-124-P","Mehrauli Terminal","Kalka Das Marg","Inside","28.523498, 77.182949"
1009,"DTIDC-319","South","DDS-125-P","Mehrauli Terminal","Kalka Das Marg","Inside","28.522867, 77.182380"
1010,"DTIDC-319","West","DDW-126-P","Kirbi Place","Jail Road","Dhaula Kuan","28.604640, 77.128848"
1011,"DTIDC-319","West","DDW-127-P","Kirbi Place","Jail Road","Tilak Nagar","28.604333, 77.128939"
1012,"DTIDC-319","West","DDW-128-P","Supply Depot","Jail Road","Dhaula Kuan","28.606867, 77.123113"
1013,"DTIDC-319","West","DDW-129-P","Supply Depot","Jail Road","Tilak Nagar","28.606493, 77.123242"
1014,"DTIDC-319","West","DDW-130-P","Fateh Nagar","Jail Road","Tilak Nagar","28.631161, 77.098579"
1015,"DTIDC-319","West","DDW-131-P","HND-I","Jail Road","Tilak Nagar","28.623547, 77.101864"
1016,"DTIDC-319","West","DDW-132-P","HND-I","Jail Road","Tilak Nagar","28.625270, 77.101102"
1017,"DTIDC-319","West","DDW-133-P","HND-I","Janak Puri Road","Mata Chanan Devi Hospital","28.625402, 77.101472"
1018,"DTIDC-319","West","DDW-134-P","Tihar Jail","Jail Road","Tilak Nagar","28.618986, 77.104451"
1019,"DTIDC-319","West","DDW-135-P","Tihar Jail","Jail Road","Tilak Nagar","28.619655, 77.104022"
1020,"DTIDC-319","West","DDW-136-P","Tilak Nagar","Jail Road","Dhaula Kuan","28.635431, 77.097058"
1021,"DTIDC-319","West","DDW-137-P","A-3, janakpuri","Ram Mandir Marg","Janakpuri(Telecom Co)","28.624131, 77.079316"
1022,"DTIDC-319","West","DDW-138-P","Poshangi Pur Village","Near Arya Samaj Road","District Centre","28.626966, 77.085416"
1023,"DTIDC-319","West","DDW-139-P","Poshangi Pur Village","Near Arya Samaj Road","C2B Janakpuri","28.625949, 77.085802"
1024,"DTIDC-319","West","DDW-140-P","DESU Colony","Pankha Road","Pankha Road","28.611339, 77.098967"
1025,"DTIDC-319","West","DDW-141-P","DESU Colony","Pankha Road","Janakpuri","28.610774, 77.098715"
1026,"DTIDC-319","West","DDW-142-P","C-5A, Janakpuri","Vidya Marg","Pankha Road","28.618599, 77.078727"
1027,"DTIDC-319","West","DDW-143-P","C-5A, Janakpuri","Vidya Marg","Janakpuri","28.618468, 77.078362"
1028,"DTIDC-319","West","DDW-144-P","C2B, Janakpuri","Janak Puri Road","Mata Chanan Devi Hospital","28.622036, 77.086988"
1029,"DTIDC-319","West","DDW-145-P","Bharti College","Janak Puri Road","HND-2","28.620606, 77.094402"
1030,"DTIDC-319","West","DDW-146-P","Virender Nagar","Janak Puri Road","Mata Chanan Devi Hospital","28.623493, 77.096709"
1031,"DTIDC-319","West","DDW-147-P","C-4E, Janakpuri","Near Jain Mandir Marg","Dabri Chowk","28.616335, 77.088065"
1032,"DTIDC-319","West","DDW-148-P","C-4E, Janakpuri","Near Jain Mandir Marg","C2B Janakpuri","28.616222, 77.087761"
1033,"DTIDC-319","West","DDW-149-P","A-2, Janakpuri (Telecom Colony)","Pankha Road","Pankha Road","28.619669, 77.074223"
1034,"DTIDC-319","West","DDW-150-P","Tilak Nagar xing","Najafgarh Road","Tilak Nagar","28.635489, 77.092758"
1035,"DTIDC-319","West","DDW-151-P","Tilak Nagar xing","Najafgarh Road","Uttam Nagar","28.635385, 77.093066"
1036,"DTIDC-319","West","DDW-152-P","A-1, Janakpuri","Pankha Road","Uttam Nagar","28.624503, 77.067603"
1037,"DTIDC-319","West","DDW-153-P","A-1, Janakpuri","Pankha Road","Uttam Nagar","28.624079, 77.067829"
1038,"DTIDC-319","West","DDW-154-P","A-1, Janakpuri","Pankha Road","Lajwanti Garden","28.624658, 77.067831"
1039,"DTIDC-319","West","DDW-155-P","A-1, Janakpuri","Pankha Road","Lajwanti Garden","28.624220, 77.068054"
1040,"DTIDC-319","West","DDW-156-P","C-1,Janakpuri","Pankha Road","Lajwanti Garden","28.618127, 77.077116"
1041,"DTIDC-319","West","DDW-157-P","C-1,Janakpuri","Pankha Road","Lajwanti Garden","28.617941, 77.077502"
1042,"DTIDC-319","West","DDW-158-P","C-1,Janakpuri","Pankha Road","Uttam Nagar","28.617696, 77.077470"
1043,"DTIDC-319","West","DDW-159-P","C-1,Janakpuri","Pankha Road","Uttam Nagar","28.617922, 77.076990"
1044,"DTIDC-319","West","DDW-160-P","C-2, Janakpuri","Pankha Road","Lajwanti Garden","28.616276, 77.081107"
1045,"DTIDC-319","West","DDW-161-P","C-2, Janakpuri","Pankha Road","Uttam Nagar","28.615588, 77.081890"
1046,"DTIDC-319","West","DDW-162-P","Dabri xing","Pankha Road","Lajwanti Garden","28.613540, 77.087446"
1047,"DTIDC-319","West","DDW-163-P","Dabri xing","Pankha Road","Uttam Nagar","28.613660, 77.085659"
1048,"DTIDC-319","West","DDW-164-P","DESU Colony","Pankha Road","Lajwanti Garden","28.610105, 77.095137"
1049,"DTIDC-319","West","DDW-165-P","DESU Colony","Pankha Road","Uttam Nagar","28.609759, 77.095253"
1050,"DTIDC-319","West","DDW-166-P","Janak Cinema","Pankha Road","Lajwanti Garden","28.611000, 77.093099"
1051,"DTIDC-319","West","DDW-167-P","Janakpuri D Block","Pankha Road","Uttam Nagar","28.607595, 77.104407"
1052,"DTIDC-319","West","DDW-168-P","Janakpuri D Block","Pankha Road","Uttam Nagar","28.607915, 77.103559"
1053,"DTIDC-319","West","DDW-169-P","Jeevan Park","Pankha Road","Uttam Nagar","28.619334, 77.073965"
1054,"DTIDC-319","West","DDW-170-P","Lajwanti Garden","Sewa Marg","Lajwanti Garden","28.613941, 77.106473"
1055,"DTIDC-319","West","DDW-171-P","Lajwanti Garden","Sewa Marg","Uttam Nagar","28.614129, 77.106293"
1056,"DTIDC-319","West","DDW-172-P","Sagar Pur","Pankha Road","Uttam Nagar","28.609177, 77.100099"
1057,"DTIDC-319","West","DDW-173-P","Tilak Pul","Pankha Road","Lajwanti Garden","28.621651, 77.069942"
1058,"DTIDC-319","West","DDW-174-P","Tilak Pul","Pankha Road","Uttam Nagar","28.621189, 77.070011"
1059,"DTIDC-319","West","DDW-175-P","Vashist Park","Pankha Road","Lajwanti Garden","28.609418, 77.100368"
1060,"DTIDC-319","West","DDW-176-P","Govt.Press","Satguru Ram Singh Marg","Mayapuri","28.634448, 77.127861"
1061,"DTIDC-319","West","DDW-177-P","Govt.Press","Satguru Ram Singh Marg","Lajwanti Garden","28.634193, 77.127214"
1062,"DTIDC-319","West","DDW-178-P","Mayapuri xing","Satguru Ram Singh Marg","Mayapuri","28.636799, 77.128952"
1063,"DTIDC-319","West","DDW-179-P","Mayapuri xing","Satguru Ram Singh Marg","Lajwanti Garden","28.636756, 77.128278"
1064,"DTIDC-319","West","DDW-180-P","Metal Forzing","Satguru Ram Singh Marg","Mayapuri","28.630551, 77.124518"
1065,"DTIDC-319","West","DDW-181-P","Bentex","CH Girdhari Lal Marg","Naraina Vihar","28.644986, 77.148164"
1066,"DTIDC-319","West","DDW-182-P","Indira Market","CH Girdhari Lal Marg","Naraina Vihar","28.626831, 77.135712"
1067,"DTIDC-319","West","DDW-183-P","Loha Mandi","CH Girdhari Lal Marg","Naraina Vihar","28.639637, 77.143931"
1068,"DTIDC-319","West","DDW-184-P","Loha Mandi","CH Girdhari Lal Marg","Shadipur Depot","28.641277, 77.145100"
1069,"DTIDC-319","West","DDW-185-P","Naraina Depot","CH Girdhari Lal Marg","Naraina Vihar","28.648649, 77.151374"
1070,"DTIDC-319","West","DDW-186-P","Naraina Depot","CH Girdhari Lal Marg","Shadipur Depot","28.648875, 77.150977"
1071,"DTIDC-319","West","DDW-187-P","Pandav Nagar","CH Girdhari Lal Marg","Naraina Vihar","28.649982, 77.153452"
1072,"DTIDC-319","West","DDW-188-P","Pandav Nagar","CH Girdhari Lal Marg","Shadipur Depot","28.650290, 77.153782"
1073,"DTIDC-319","West","DDW-189-P","Payal Cinema","CH Girdhari Lal Marg","Naraina Vihar","28.630860, 77.138265"
1074,"DTIDC-319","West","DDW-190-P","Payal Cinema","CH Girdhari Lal Marg","Shadipur Depot","28.631472, 77.138413"
1075,"DTIDC-319","West","DDW-191-P","Shadi Pur Colony","CH Girdhari Lal Marg","Naraina Vihar","28.651656, 77.156423"
1076,"DTIDC-319","West","DDW-192-P","Shadi Pur Colony","CH Girdhari Lal Marg","Shadipur Depot","28.651590, 77.155949"
1077,"DTIDC-319","West","DDW-193-P","Meenakshi Garden","Najafgarh Road","Raja Garden","28.640116, 77.103873"
1078,"DTIDC-319","West","DDW-194-P","Meenakshi Garden","Najafgarh Road","Tilak Nagar","28.640063, 77.104302"
1079,"DTIDC-319","West","DDW-195-P","Rajouri Garden","Najafgarh Road","Tilak Nagar","28.647132, 77.118331"
1080,"DTIDC-319","West","DDW-196-P","Rajouri Garden","Najafgarh Road","Tilak Nagar","28.647944, 77.120229"
1081,"DTIDC-319","West","DDW-197-P","Sant Pura","Najafgarh Road","Tilak Nagar","28.638659, 77.100732"
1082,"DTIDC-319","West","DDW-198-P","Subhash Nagar","Najafgarh Road","Tilak Nagar","28.641974, 77.108895"
1083,"DTIDC-319","West","DDW-199-P","Subhash Nagar","Najafgarh Road","Tilak Nagar","28.642063, 77.109081"
1084,"DTIDC-319","West","DDW-200-P","Subhash Nagar","Najafgarh Road","Raja Garden","28.642196, 77.108832"
1085,"DTIDC-319","West","DDW-201-P","Tilak Nagar","Najafgarh Road","Raja Garden","28.637779, 77.098162"
1086,"DTIDC-319","West","DDW-202-P","Tilak Nagar","Najafgarh Road","Raja Garden","28.637253, 77.097044"
1087,"DTIDC-319","West","DDW-203-P","Titar Pur (metroStation)","Najafgarh Road","Raja Garden","28.644156, 77.113331"
1088,"DTIDC-319","West","DDW-204-P","Titar Pur (MetroStation)","Najafgarh Road","Tilak Nagar","28.644037, 77.113524"
1089,"DTIDC-319","West","DDW-205-P","East Patel Nagar","Dr Krishana Marg","Pusa Road","28.642558, 77.173569"
1090,"DTIDC-319","West","DDW-206-P","East Patel Nagar","Dr Krishana Marg","Loha Mandi","28.642334, 77.173438"
1091,"DTIDC-319","West","DDW-207-P","Indira Puri","Dev Prakash Shastri Marg","Pusa Road","28.631832, 77.149131"
1092,"DTIDC-319","West","DDW-208-P","Indira Puri","Dev Prakash Shastri Marg","Loha Mandi","28.630577, 77.149743"
1093,"DTIDC-319","West","DDW-209-P","Indira Puri A Block","Dev Prakash Shastri Marg","Pusa Road","28.628827, 77.151199"
1094,"DTIDC-319","West","DDW-210-P","Indira Puri A Block","Dev Prakash Shastri Marg","Loha Mandi","28.628700, 77.151185"
1095,"DTIDC-319","West","DDW-211-P","Janak Vihar","Dev Prakash Shastri Marg","Pusa Road","28.631334, 77.171034"
1096,"DTIDC-319","West","DDW-212-P","Janak Vihar","Dev Prakash Shastri Marg","Loha Mandi","28.631267, 77.171117"
1097,"DTIDC-319","West","DDW-213-P","Krishi kunj","Dev Prakash Shastri Marg","Pusa Road","28.637009, 77.146777"
1098,"DTIDC-319","West","DDW-214-P","Krishi Kunj","Dev Prakash Shastri Marg","Loha Mandi","28.637169, 77.146604"
1099,"DTIDC-319","West","DDW-215-P","Monitoring &receiving Sta on(AIR)","Dev Prakash Shastri Marg","Pusa Road","28.626382, 77.153513"
1100,"DTIDC-319","West","DDW-216-P","Monitoring &receiving Sta on(AIR)","Dev Prakash Shastri Marg","Loha Mandi","28.626477, 77.153288"
1101,"DTIDC-319","West","DDW-217-P","NASC Das Ghara","Dev Prakash Shastri Marg","Pusa Road","28.625792, 77.162340"
1102,"DTIDC-319","West","DDW-218-P","NASC Das Ghara","Dev Prakash Shastri Marg","Loha Mandi","28.625165, 77.161942"
1103,"DTIDC-319","West","DDW-219-P","NPL Colony","Dr Krishana Marg","Pusa Road","28.637936, 77.174531"
1104,"DTIDC-319","West","DDW-220-P","NPL Colony","Dr Krishana Marg","Loha Mandi","28.637915, 77.174702"
1105,"DTIDC-319","West","DDW-221-P","Pusa quarter","Dev Prakash Shastri Marg","Pusa Road","28.630006, 77.166779"
1106,"DTIDC-319","West","DDW-222-P","Pusa quarter","Dev Prakash Shastri Marg","Loha Mandi","28.629933, 77.166982"
1107,"DTIDC-319","West","DDW-223-P","Rajindra Nagar. RBlock","Dr Krishana Marg","Pusa Road","28.634415, 77.174053"
1108,"DTIDC-319","West","DDW-224-P","Rajindra Nagar. RBlock","Dr Krishana Marg","Loha Mandi","28.633202, 77.173377"
1109,"DTIDC-319","West","DDW-225-P","Todapur Village","Dev Prakash Shastri Marg","Pusa Road","28.623276, 77.160051"
1110,"DTIDC-319","West","DDW-226-P","Todapur Village","Dev Prakash Shastri Marg","Pusa Road","28.623115, 77.159751"
1111,"DTIDC-319","West","DDW-227-P","Todapur Village","Dev Prakash Shastri Marg","Loha Mandi","28.622842, 77.159406"
1112,"DTIDC-319","West","DDW-228-P","Paschim Vihar, A-2B (Ekta Aptt)","Dr.Major Asawani Kanwa Marg","Outer Ring Road","28.668693, 77.098541"
1113,"DTIDC-319","West","DDW-229-P","Paschim Vihar, A-2B (Ekta Aptt)","Dr.Major Asawani Kanwa Marg","Jwalaheri Mkt","28.668980, 77.099077"
1114,"DTIDC-319","West","DDW-230-P","Paschim Vihar, opp A-3 Block","Dr.Major Asawani Kanwa Marg","Punjabi Bagh","28.668822, 77.103392"
1115,"DTIDC-319","West","DDW-232-P","Paschim Vihar A-3 block Mother dairy","Dr.Major Asawani Kanwa Marg","Punjabi Bagh","28.668935, 77.102641"
1116,"DTIDC-319","West","DDW-233-P","Paschim Vihar, Pocket bg-1","Dr.Major Asawani Kanwa Marg","Jwalaheri Mkt","28.670790, 77.109818"
1117,"DTIDC-319","West","DDW-234-P","Paschim Vihar on road no 29 opp Mall Under Const.","Road Number 29","Punjabi Bagh","28.669791, 77.112703"
1118,"DTIDC-319","West","DDW-235-P","Paschim Vihar on road no 29 opp Mall Under Const.","Road Number 29","NH-11","28.670387, 77.112489"
1119,"DTIDC-319","West","DDW-236-P","Dabri More","Shaheed Balwan Singh Solanki Marg","Palam","28.612236, 77.086311"
1120,"DTIDC-319","West","DDW-237-P","B-2A,Janak Puri","Najafgarh Road","Tilak Nagar","28.632271, 77.083748"
1121,"DTIDC-319","West","DDW-238-P","Baby shop","Satguru Ram Singh Marg","Mayapuri","28.623984, 77.118882"
1122,"DTIDC-319","West","DDW-239-P","Gulab House","Satguru Ram Singh Marg","Mayapuri","28.622499, 77.117613"
1123,"DTIDC-319","West","DDW-240-P","Gulab House","Satguru Ram Singh Marg","Lajwanti Garden","28.622600, 77.117388"
1124,"DTIDC-319","West","DDW-241-P","Junk Market","Satguru Ram Singh Marg","Lajwanti Garden","28.618182, 77.111999"
1125,"DTIDC-319","West","DDW-242-P","Hari Nagar (Mohan mandir) Mayapuri","Satguru Ram Singh Marg","Mayapuri Xing","28.629090, 77.122899"
1126,"DTIDC-319","West","DDW-243-P","Maya Enclave BSES Office","Satguru Ram Singh Marg","Mayapuri Junk Mkt","28.620737, 77.110898"
1127,"DTIDC-319","West","DDW-244-P","Khayala More on Subhash Nagar","Najafgarh Road","Subhash Nagar Chowk","28.642116, 77.109412"
1128,"DTIDC-319","West","DDW-245-P","P.S.Mayapuri","Satguru Ram Singh Marg","Mayapuri","28.625226, 77.119968"
1129,"DTIDC-319","West","DDW-246-P","P.S.Mayapuri","Satguru Ram Singh Marg","Lajwanti Garden","28.625136, 77.119507"
1130,"DTIDC-319","West","DDW-247-P","Kapashera X-ing","Old Delhi Gurgaon Road","Rajokari","28.531349, 77.088116"
1131,"DTIDC-319","West","DDW-248-P","Kapashera X-ing","Old Delhi Gurgaon Road","Gurgaon","28.531312, 77.088476"
1132,"DTIDC-319","West","DDW-249-P","Kapashera X-ing","Old Delhi Gurgaon Road","Gurgaon","28.530421, 77.087826"
1133,"DTIDC-319","West","DDW-250-P","Kapashera Village (opp Mandir)","Old Delhi Gurgaon Road","Najafgarh","28.525441, 77.084631"
1134,"DTIDC-319","West","DDW-251-P","Kapashera Village (Near Oberoi Farms)","Old Delhi Gurgaon Road","Rajokari","28.523554, 77.083407"
1135,"DTIDC-319","West","DDW-252-P","Kapashera Village (Near Oberoi Farms)","Old Delhi Gurgaon Road","Airport","28.524139, 77.083224"
1136,"DTIDC-319","West","DDW-253-P","Samalka Xing","Old Delhi Gurgaon Road","Airport","28.538072, 77.093093"
1137,"DTIDC-319","West","DDW-254-P","Samalka Xing","Old Delhi Gurgaon Road","Dwarka","28.538025, 77.091258"
1138,"DTIDC-319","West","DDW-255-P","Dwarka Road (H9)","Old Delhi Gurgaon Road","Airport","28.544725, 77.064043"
1139,"DTIDC-319","West","DDW-256-P","Dwarka Road (H9)","Old Delhi Gurgaon Road","Dwarka","28.544094, 77.064966"
1140,"DTIDC-319","West","DDW-257-P","Shahbad Mohd.Pur More","Old Delhi Gurgaon Road","Dwarka","28.547264, 77.057341"
1141,"DTIDC-319","West","DDW-258-P","Shahbad Mohd.Pur More","Old Delhi Gurgaon Road","Airport","28.547726, 77.057405"
1142,"DTIDC-319","West","DDW-259-P","Bamdoli Dhulsaras","Old Delhi Gurgaon Road","Najafgarh","28.554223, 77.050867"
1143,"DTIDC-319","West","DDW-260-P","Bamdoli Dhulsaras","Old Delhi Gurgaon Road","Airport","28.554525, 77.05120"
1144,"DTIDC-319","West","DDW-261-P","Dada Dev Mandir","Near Dwarka Sec 22 Road","Dwarka Sec 22","28.558809, 77.043190"
1145,"DTIDC-319","West","DDW-262-P","Dada Dev Mandir","Near Dwarka Sec 22 Road","Palam","28.559422, 77.043061"
1148,"DTIDC-319","North","DDN-268-P","P.S Timarpur","Chaudhary Fateh Singh Marg","Wazirabad Xing","28.706964, 77.223921"
1149,"DTIDC-319","North","DDN-269-P","P.S Timarpur","Chaudhary Fateh Singh Marg","Mall Road","28.706825, 77.224090"
1150,"DTIDC-319","North","DDN-270-P","Balak Ram Hospital","Chaudhary Fateh Singh Marg","Wazirabad Xing","28.705313, 77.223144"
1151,"DTIDC-319","North","DDN-271-P","Balak Ram Hospital","Chaudhary Fateh Singh Marg","Mall Road","28.705030, 77.223203"
1152,"DTIDC-319","North","DDN-272-P","Banarsi Dass Estate Timarpur","Chaudhary Fateh Singh Marg","Wazirabad Xing","28.696310, 77.220383"
1153,"DTIDC-319","North","DDN-273-P","Banarsi Dass Estate Timarpur","Chaudhary Fateh Singh Marg","Mall Road","28.696289, 77.220208"
1154,"DTIDC-319","North","DDN-274-P","Mall Road","Chaudhary Fateh Singh Marg","Wazirabad Xing","28.693880, 77.219191"
1155,"DTIDC-319","North","DDN-275-P","Mall Road","Chaudhary Fateh Singh Marg","Mall Road","28.694020, 77.219849"
1156,"DTIDC-319","North","DDN-276-P","DDA Flat Lucknow Road","Lucknow Road","Mall Road","28.700719, 77.218675"
1157,"DTIDC-319","North","DDN-277-P","Hakikat Nagar","Banda Bahadur Marg","Ring Road","28.699064, 77.208078"
1158,"DTIDC-319","North","DDN-278-P","Sewa Kutir","Banda Bahadur Marg","Ring Road","28.702165, 77.209639"
1159,"DTIDC-319","North","DDN-279-P","Sewa Kutir","Banda Bahadur Marg","Batra Cinema","28.702459, 77.209651"
1160,"DTIDC-319","North","DDN-280-P","BBM Depot-II","Banda Bahadur Marg","Ring Road","28.703672, 77.210834"
1161,"DTIDC-319","North","DDN-281-P","BBM Depot-II","Banda Bahadur Marg","Batra Cinema","28.704248, 77.211129"
1162,"DTIDC-319","North","DDN-282-P","Batra Cinema","Banda Bahadur Marg","Ring Road","28.711658, 77.215031"
1163,"DTIDC-319","North","DDN-283-P","Mukherji Nagar Tank","Ramlal Kapoor Marg","Dhaka Village","28.710235, 77.211297"
1164,"DTIDC-319","North","DDN-284-P","Bhai Parmanand Colony","Ramlal Kapoor Marg","Dhaka Village","28.710183, 77.206773"
1165,"DTIDC-319","North","DDN-285-P","Dhaka Village","Om Mandir Marg","Nehru Vihar Bus (T)","28.707098, 77.204564"
1166,"DTIDC-319","North","DDN-286-P","Mukherji Nagar West","Ramlal Kapoor Marg","Dhaka Village","28.710267, 77.210421"
1167,"DTIDC-319","North","DDN-287-P","Hudson lane NDPL office","Thekedaar Surjeet Singh Marg","GTB Nagar","28.696426, 77.204147"
1168,"DTIDC-319","North","DDN-288-P","Hudson lane NDPL office","Thekedaar Surjeet Singh Marg","Kamla Nagar","28.696386, 77.204346"
1169,"DTIDC-319","North","DDN-289-P","Metro Stn. GTB Nagar, Towards Vijay Nagar","Thekedaar Surjeet Singh Marg","Kamla Nagar","28.698416, 77.206030"
1170,"DTIDC-319","North","DDN-290-P","P S Sabji Mandi","Lala Jagan Nath Marg","GTB Nagar","28.669067, 77.207948"
1171,"DTIDC-319","North","DDN-291-P","P S Sabji Mandi","Lala Jagan Nath Marg","Kamla Nagar","28.669231, 77.207647"
1172,"DTIDC-319","North","DDN-292-P","Wazirabad Main Gate","Wazirabad Road","Wazirabad","28.711143, 77.227120"
1173,"DTIDC-319","North","DDN-293-P","Nehru Vihar (T)","Nehru Vihar Road","Nehru Vihar","28.711554, 77.222410"
1174,"DTIDC-319","North","DDN-294-P","Nehru Vihar (T)","Nehru Vihar Road","Wazirabad Xing","28.711548, 77.222244"
1175,"DTIDC-319","North","DDN-295-P","MalkaGanj","Lala Jagan Nath Marg","Kamla Nagar","28.677631, 77.207762"
1176,"DTIDC-319","East","DDE-296-P","Trilok Puri 14 Block","Vasundar Road","Trilokpuri 27 Block","28.610801, 77.308450"
1177,"DTIDC-319","East","DDE-297-P","Trilok Puri 27 Block","Near 20th Block Road","Inside","28.607508, 77.304014"
1178,"DTIDC-319","East","DDE-298-P","Trilok Puri 27 Block","Near 20th Block Road","Inside","28.607407, 77.304355"
1179,"DTIDC-319","East","DDE-299-P","Mayur Vihar Ph-1","Trilok Puri Road","Trilokpuri 27 Block","28.604072, 77.291842"
1180,"DTIDC-319","East","DDE-300-P","Mayur Vihar Ph-1","Trilok Puri Road","Mayur Vihar","28.603942, 77.292140"
1181,"DTIDC-319","East","DDE-301-P","OCS","Sahakarita Marg","Mayur Vihar Phase-I","28.599604, 77.299349"
1182,"DTIDC-319","East","DDE-302-P","OCS","Sahakarita Marg","Chilla Village","28.599390, 77.299225"
1183,"DTIDC-319","East","DDE-303-P","Sangam Vihar Gali No 5 Near Sachdeva School-Wazirabad","Wazirabad Road","Wazirabad","28.723445, 77.227881"
1184,"DTIDC-319","East","DDE-304-P","Wazirabad Gali no 6, Pusta Pulia","Wazirabad Road","Wazirabad","28.728355, 77.219853"
1185,"DTIDC-319","East","DDE-305-P","Jheel (Terminal)","Jheel Marg","Inside","28.658324, 77.272261"
1186,"DTIDC-319","East","DDE-306-P","Jheel (Terminal)","Jheel Marg","Inside","28.658564, 77.272289"
1187,"DTIDC-319","East","DDE-307-P","Jheel (Terminal)","Satanam Road","Inside","28.659011, 77.273004"
1188,"DTIDC-319","East","DDE-308-P","Jheel (Terminal)","Satanam Road","Inside","28.659080, 77.272746"
1189,"DTIDC-319","East","DDE-309-P","Geeta Colony","Jheel Marg","Jheel Terminal","28.654579, 77.274938"
1190,"DTIDC-319","East","DDE-310-P","Geeta Colony (6-block) Ram lila ground","Raja Ram Kohli Marg","Khureji","28.654737, 77.275060"
1191,"DTIDC-319","East","DDE-311-P","Geeta Colony(5 block)","Raja Ram Kohli Marg","Lalita Park","28.653330, 77.271744"
1192,"DTIDC-319","East","DDE-312-P","St. Lawrence School","Raja Ram Kohli Marg","Lalita Park","28.652663, 77.269940"
1193,"DTIDC-319","East","DDE-313-P","Baldev Park","Mandir marg","Gagan Vihar","28.648130, 77.279119"
1194,"DTIDC-319","East","DDE-314-P","Khureji","Patparganj Road","Jheel Terminal","28.646772, 77.279080"
1195,"DTIDC-319","East","DDE-315-P","Rashid Market","Patparganj Road","Jheel Terminal","28.649370, 77.278880"
1196,"DTIDC-319","East","DDE-316-P","Pandit Park (near Police Station)","Patparganj Road","Jheel Terminal","28.654648, 77.276721"
1197,"DTIDC-319","East","DDE-317-P","Geeta Colony","Jheel Marg","Jheel Terminal","28.655137, 77.276115"
1198,"DTIDC-319","East","DDE-318-P","Jheel Dispensary","Jheel Marg","Jheel Terminal","28.655195, 77.269117"
1199,"DTIDC-319","East","DDE-319-P","Maharishi Balmiki College","Jheel Marg","Jheel Terminal","28.655681, 77.266092"